sku,nome,click7,pos,stock,domanda_glob,vend_rete_30g,rete_90g,categoria_traffico
972532232,CERAMOL FLUIDO BETA COMPLEX,78,2,9,0.00,1.00,si,DOMANDA_VIVA
946449954,NATURAL VITA D3 100PRL,27,1,3,0.00,1.00,si,DOMANDA_VIVA
984599769,ALTRAPELLE MEDICAL MICOSI PIED,21,1,5,0.00,0,si,GIA_POSIZIONATO_top5
950938959,LFP DAILYP AMINO ESS 18BUST,19,4,23,0.00,0,si,GIA_POSIZIONATO_top5
987401243,DT OIL CONTROL SHAMPOO 200ML,19,3,77,14.00,2.00,si,DOMANDA_VIVA
989408467,CERAMOL LOTION DS 50ML,16,2,5,0.00,0,si,GIA_POSIZIONATO_top5
935810960,VAGISIL INTIMA GEL IDRAT MONOD,16,2,4,1.00,4.00,si,DOMANDA_VIVA
976293783,DERMOVITAMINA MICO TRATTA/COL,15,4,17,0.00,1.00,si,DOMANDA_VIVA
935590974,POLIDENT LUNGA TENUTA 70G,15,3,133,23.00,12.00,si,DOMANDA_VIVA
903627228,GIBAUD ORTHO TUTORE SPALLA,14,1,14,0.00,0,si,GIA_POSIZIONATO_top5
943295067,MASSIGEN PAPPA REALE 10FL 25ML,13,2,8,0.00,8.00,si,DOMANDA_VIVA
931152742,OMEGA3 VITI TRIPLA AZIONE60PRL,12,3,41,12.00,11.00,si,DOMANDA_VIVA
976206262,CERAMOL MB 30 50ML,11,1,4,0.00,0,si,GIA_POSIZIONATO_top5
026725034,REGAINE*SOLUZ 60ML 5%,11,11,0,0.00,6.00,si,DOMANDA_VIVA
930530682,DERMAFRESH ODOR CONTROL CREMA,11,1,3,0.00,8.00,si,DOMANDA_VIVA
983361635,GIBAUD ORTHO RHIZOGIB ORT SX 2,11,9,4,0.00,0,no,MAGAZZINO_senza_domanda
047883032,DICLOFENAC TEVA*GEL 60G 10MG/G,10,1,13,0.00,0,si,GIA_POSIZIONATO_top5
949645396,DR VITI DRENANTE ANANAS 500ML,10,2,6,0.00,0,si,GIA_POSIZIONATO_top5
931925109,ELMEX SENSITIVE PROF 75ML,10,2,17,33.00,23.00,si,DOMANDA_VIVA
029851084,"MOVICOL*CIOCCOL BB 20BUST 6,9G",10,1,0,0.00,5.00,si,DOMANDA_VIVA
982476285,LACDIGEST LACTOFREE 30CPR,10,8,4,92.00,41.00,si,DOMANDA_VIVA
987881861,DOLOMIA OSX 24 10 SMALTO,9,1,5,0.00,0,no,GIA_POSIZIONATO_top5
947224984,ARNICA VITI 90% 100ML,9,6,12,0.00,19.00,si,DOMANDA_VIVA
989665373,PREBIOBARRIER 30CPR RIVESTITE,9,1,7,0.00,0,si,GIA_POSIZIONATO_top5
972765921,EUCERIN HYAL FILL EL NTT 50ML,8,3,4,0.00,0,si,GIA_POSIZIONATO_top5
984642569,UNIPRIL COLESTEROLO 30CPS GAST,8,1,30,0.00,1.00,si,DOMANDA_VIVA
905683443,SUPRAVIT CREATINA GRAN 20BUST,8,4,0,0.00,0,si,GIA_POSIZIONATO_top5
923022735,CERAMOL BETA PASTA ALL'ACQUA,8,5,10,0.00,1.00,si,DOMANDA_VIVA
984819894,NEURODOL ACIDO LIPOICO 30CPR,8,4,0,0.00,3.00,si,DOMANDA_VIVA
980784134,VAGISIL DEODORANTE INT SPRAY,8,1,12,0.00,2.00,si,DOMANDA_VIVA
973652908,CEREBRAIN 12FL 15ML,8,3,6,0.00,5.00,si,DOMANDA_VIVA
976772208,MERIDOL DENTIFRICIO BITUBO75ML,7,3,12,37.00,33.00,si,DOMANDA_VIVA
930204894,ENASON MELISSA MELATONINA 10ML,7,99,0,0.00,0,no,MORTO_vero
984866677,EUCERIN SUN FACE HYDRO PROT50+,7,2,6,0.00,0,si,GIA_POSIZIONATO_top5
947182832,OLIGO MSM PLUS 60TAV,7,2,5,0.00,1.00,si,DOMANDA_VIVA
909084550,VAGISIL POLVERE PROTECT PLUS,7,4,11,7.00,7.00,si,DOMANDA_VIVA
949975977,SAUGELLA ATTIVA VAGINOSI GEL,7,1,5,0.00,0,si,GIA_POSIZIONATO_top5
906269535,MEDI 9007 INFILA CALZE,6,99,0,0.00,1.00,si,DOMANDA_VIVA
983665441,EUCERIN ANTI-PIGMENT GG LIGHT,6,2,6,0.00,2.00,si,DOMANDA_VIVA
985821115,BIOSCALIN TRICOAGE FIALE,6,4,0,0.00,6.00,si,DOMANDA_VIVA
987715253,CRAMPACT NOTTE 14BUST,6,2,16,2.00,3.00,si,DOMANDA_VIVA
906039348,SERENITY MUTANDINA RETE XL 3P,6,2,0,0.00,0,si,GIA_POSIZIONATO_top5
975761356,POLIDENT AZIONE TOTALE 66CPR,6,1,19,6.00,0,si,DOMANDA_VIVA
984881401,AVENE RISTRUTTURANTE DOPO200ML,6,9,11,0.00,6.00,si,DOMANDA_VIVA
926561489,IALUSET SILVER SPRAY 125ML,6,3,14,43.00,104.00,si,DOMANDA_VIVA
923485003,ARION EASY-SLIDE INFILACALZE L,6,3,0,0.00,2.00,si,DOMANDA_VIVA
982539280,LFP SAZIOPEP 500 30CPR,6,1,10,0.00,0,si,GIA_POSIZIONATO_top5
949437471,DR VITI CREMA COLLAGENE ANTIR,6,3,5,0.00,1.00,si,DOMANDA_VIVA
951139385,POLIDENT LUNGA TENUTA 2X70G,6,1,69,0.00,0,no,GIA_POSIZIONATO_top5
973472943,MICROLIFE AFIB ADVANCED EASY,6,11,6,0.00,5.00,si,DOMANDA_VIVA
035760089,NEOBORO GOLADO*SPRAY LIM&MIELE,5,1,36,4.00,1.00,si,DOMANDA_VIVA
980143236,MICROLIFE MISUR PRESS B3 AFIB,5,5,8,0.00,0,si,GIA_POSIZIONATO_top5
987743895,EKEEP B3 SURGICAL BRA POST BI2,5,3,4,0.00,0,no,GIA_POSIZIONATO_top5
950276725,GIBAUD ORTHO CORS LOMB ACT V 3,5,7,3,0.00,0,si,MAGAZZINO_domanda90g
900589286,OTOVENT 5PALLONCINI+1CANNULA,5,8,0,0.00,2.00,si,DOMANDA_VIVA
982539328,LFP DERMOCREMA PANTENOLO 100ML,5,4,22,0.00,0,si,GIA_POSIZIONATO_top5
987757667,LIPEDESIN 30BUST,5,5,0,0.00,65.00,si,DOMANDA_VIVA
902182005,ASTENIX 12BUST,5,1,3,0.00,3.00,si,DOMANDA_VIVA
986395933,CERAMOL PSOR CREMA 200ML,5,2,5,0.00,3.00,si,DOMANDA_VIVA
975922295,PERDITA DI PESO 60CPS,5,10,0,0.00,3.00,si,DOMANDA_VIVA
981067287,EUCERIN SUN ACTINIC CONTROL100,5,1,16,0.00,0,si,GIA_POSIZIONATO_top5
947473880,RESVERATROX 60CPS,5,1,7,0.00,0,si,GIA_POSIZIONATO_top5
980431151,DICLOREUM EMATOSOLL GEL 50ML,5,5,38,3.00,3.00,si,DOMANDA_VIVA
989417074,IRILENS GOCCE OCULARI 10FL,5,3,25,1.00,2.00,si,DOMANDA_VIVA
943372843,PRINCIPIUM B12 1000 60CPR SUBL,5,8,0,0.00,6.00,si,DOMANDA_VIVA
908621295,GIBAUD GINOCCH COT SOT BEI 2,5,2,1,0.00,0,no,GIA_POSIZIONATO_top5
982934010,FITOSTIMOLINE SEPTAGEL GEL VAG,5,1,7,7.00,6.00,si,DOMANDA_VIVA
974161820,GIBAUD ORTHO LOMBOGIB WORK 1,5,1,1,0.00,0,no,GIA_POSIZIONATO_top5
980532446,DEFENCE MY AGE GOLD CR RIC50ML,5,22,0,0.00,9.00,si,DOMANDA_VIVA
980430540,CERULISINA FAST ADULTI BAMBINI,4,14,0,0.00,3.00,si,DOMANDA_VIVA
042028011,OKITASK*OS GRAT 10BUST 40MG,4,10,73,26.00,13.00,si,DOMANDA_VIVA
950063661,ANTIOSSIDANTE SUPREMO 60PAST,4,6,0,0.00,1.00,si,DOMANDA_VIVA
048922013,ZEFLAVON*30CPR RIV 500MG,4,6,12,0.00,1.00,si,DOMANDA_VIVA
986971354,GIBAUD ORTHO ROTULGIB 3D GIN4,4,1,1,0.00,0,no,GIA_POSIZIONATO_top5
987649744,NUTRIVA NEUROLEV COMPLEX30BUST,4,1,0,0.00,1.00,si,DOMANDA_VIVA
900466703,DERCOS SHAMPOO ENERG 200ML,4,7,36,2.00,1.00,si,DOMANDA_VIVA
941963528,BETOTAL ADVANCE B12 15FL,4,10,39,3.00,7.00,si,DOMANDA_VIVA
975984535,CONDRONIL FORTE 20BUST,4,15,0,0.00,14.00,si,DOMANDA_VIVA
990312961,MULTICENTRUM U50+ 30CPR PROM26,4,1,4,0.00,3.00,si,DOMANDA_VIVA
940000399,DEFLUX 20STICK MONODOSE 10ML,4,9,0,0.00,5.00,si,DOMANDA_VIVA
982823748,LFP GINSENG ELEUTEROC10FL 10ML,4,5,5,0.00,0,si,GIA_POSIZIONATO_top5
989816412,VESVEIN GAMBE SOLLIEVO 30CPR,4,10,11,6.00,12.00,si,DOMANDA_VIVA
950838223,SUPRADYN EXPERT MAGNESIO 60CPS,4,2,26,0.00,13.00,si,DOMANDA_VIVA
980136523,TENA SILHOUETTE NOIR L V/A 8PZ,4,1,4,0.00,0,si,GIA_POSIZIONATO_top5
931450175,GIBAUD ORTHO MANUGIB 20 DX 3,4,1,2,0.00,0,no,GIA_POSIZIONATO_top5
943322685,CONNECTASYL 60CPR,4,6,0,0.00,35.00,si,DOMANDA_VIVA
981385026,VITIS ORTHODONTIC COLLUT 500ML,4,2,3,0.00,1.00,si,DOMANDA_VIVA
950928717,HERPES OIL OLIO SANT'ANTONIO,4,2,0,0.00,0,si,GIA_POSIZIONATO_top5
935293872,PSORAXIL ORO 30CPR,4,3,0,0.00,2.00,si,DOMANDA_VIVA
903958852,BETOTAL 20CPR RIVESTITE,4,2,21,3.00,0,si,DOMANDA_VIVA
987362391,BAKEL THE ONE CASE&REFILL 50ML,4,1,3,0.00,0,no,GIA_POSIZIONATO_top5
027910013,FEXALLEGRA NASALE*SPRAY FL10ML,4,8,20,16.00,0,si,DOMANDA_VIVA
980774677,COLPHARMA EASY 2 KIT COMPL AER,4,3,13,0.00,0,si,GIA_POSIZIONATO_top5
935631630,MELLIS MED SHAMPOO 125ML,4,5,5,49.00,10.00,si,DOMANDA_VIVA
029851173,MOVICOL*SENZA AROMA BB 20BUST,4,4,0,0.00,11.00,si,DOMANDA_VIVA
986971531,GIBAUD ORTHO J GIN ZEROG 1,4,3,1,0.00,0,no,GIA_POSIZIONATO_top5
985581622,LFP PRO ENERSAL 12BUST,4,3,29,0.00,2.00,si,DOMANDA_VIVA
984462503,PREP CREMA TALLONI 75ML,4,16,0,0.00,1.00,si,DOMANDA_VIVA
984867236,CARNIDYN BOOST 10FL,4,10,5,19.00,9.00,si,DOMANDA_VIVA
983361662,GIBAUD ORTHO MANUGIB TRAU DX 2,4,9,0,0.00,0,no,MORTO_vero
988339178,NANCARE KIDS IMMUNITY 60GUMM,4,1,4,0.00,0,si,GIA_POSIZIONATO_top5
976769618,RINO SHOWER PIC DOCCIA NASALE,4,1,11,1.00,0,si,DOMANDA_VIVA
977610587,TONICO ENERGIZZANTE ACT 12FL,4,1,21,0.00,2.00,si,DOMANDA_VIVA
905954362,GIBAUD ORTHO BRACC ELBOWGIB 3,4,2,1,0.00,0,no,GIA_POSIZIONATO_top5
908492768,GIBAUD ORTHO BRACC ANTIEPIC 3,4,1,4,0.00,0,no,GIA_POSIZIONATO_top5
988922807,EMOFORM DENT CREMA ADES 45G TP,3,10,0,0.00,1.00,si,DOMANDA_VIVA
990001861,ZZZQUIL SONNO+ ANTISTRESS28CPS,3,9,23,20.00,7.00,si,DOMANDA_VIVA
023834144,"FLUIFORT*SCIR 12BUST 2,7G/10ML",3,12,11,6.00,3.00,si,DOMANDA_VIVA
908478668,GIBAUD ORTHO CINT TOR REG 4B 1,3,1,1,0.00,0,no,GIA_POSIZIONATO_top5
900191469,VITREOXIGEN 20CPR,3,6,7,1.00,13.00,si,DOMANDA_VIVA
985771777,LACTOFLORENE PANCIA PIAT20BUST,3,5,8,14.00,15.00,si,DOMANDA_VIVA
982539355,LFP INSETTO REPELLENTE 100ML,3,2,24,0.00,0,no,GIA_POSIZIONATO_top5
934408713,BIOTHYMUS AC ACT U LOZ 100ML,3,1,6,0.00,0,no,GIA_POSIZIONATO_top5
950939076,LFP AGE F SKIN COLLAGENE 20F,3,4,17,0.00,0,si,GIA_POSIZIONATO_top5
980247504,TISANOREICA BEVANDA CAPPUCCINO 4 BUS,3,2,3,0.00,0,si,GIA_POSIZIONATO_top5
985778568,CERAMOL IAGE EYE CREAM 15ML,3,2,3,0.00,0,si,GIA_POSIZIONATO_top5
927130031,JOBST FOR MEN 15-20 BLU 4,3,1,5,0.00,0,no,GIA_POSIZIONATO_top5
985778556,CERAMOL IAGE CONC POWER SERUM,3,1,4,0.00,0,si,GIA_POSIZIONATO_top5
986699573,MULTICENTRUM NEO MAMMA DHA,3,4,7,4.00,5.00,si,DOMANDA_VIVA
905954350,GIBAUD ORTHO BRACC ELBOWGIB 2,3,1,2,0.00,0,si,GIA_POSIZIONATO_top5
975082847,GIBAUD SPORT CAVIGLIERA 3,3,6,1,0.00,0,si,MAGAZZINO_domanda90g
985725946,PROBIOS KETO BREAD S/GLUT 200G,3,99,0,0.00,0,no,MORTO_vero
987403805,PARANIX SHAMPOO TRATT TP 200ML,3,10,0,0.00,3.00,si,DOMANDA_VIVA
951043494,HYALU B5 CREMA RICARICA 50ML,3,10,3,2.00,0,si,DOMANDA_VIVA
975020583,AVENE DERMABSOLU CONT OCCHI,3,4,0,0.00,2.00,si,DOMANDA_VIVA
978473155,LFP OMEGA3 30CPS,3,1,10,0.00,0,no,GIA_POSIZIONATO_top5
985824085,EUCERIN HYAL FILL BOOSTER NTT,3,4,3,0.00,0,si,GIA_POSIZIONATO_top5
970357036,AZULENE GTT OCULARI 10ML,3,13,0,0.00,0,si,MORTO_vero
927234498,ATOGYN DISP IGIEN VAG 125ML2PZ,3,8,0,0.00,7.00,si,DOMANDA_VIVA
901156758,ALKAGIN POLVERE INTIMA 100G,3,5,0,0.00,2.00,si,DOMANDA_VIVA
938457823,BD MICROFINE AGO PENTA G32 4MM,3,7,0,0.00,8.00,si,DOMANDA_VIVA
975054735,EUCERIN AQUAPHOR TRATT RIPA,3,5,3,0.00,0,si,GIA_POSIZIONATO_top5
985778618,CERAMOL IAGE NIGHT TREATMENT,3,2,6,0.00,0,si,GIA_POSIZIONATO_top5
974646135,PIACERI MEDIT PIADINA WRAP180G,3,1,0,0.00,0,no,GIA_POSIZIONATO_top5
985549587,BAKEL F-DESIGNER DRY CASE&REFI,3,1,3,0.00,0,no,GIA_POSIZIONATO_top5
983665466,EUCERIN ANTI-PIGMENT GG MEDIUM,3,1,12,0.00,0,si,GIA_POSIZIONATO_top5
988032708,TOLERIANE KERIUM DS CONC 40ML,3,9,17,1.00,0,si,DOMANDA_VIVA
940098623,MYCLI LIFTABLE EXOSERUM 30ML,3,2,6,0.00,0,no,GIA_POSIZIONATO_top5
944742004,MULTIVITAMIX VITAMINA D2000 UI,3,2,7,0.00,5.00,si,DOMANDA_VIVA
974772319,ADOLFAST 20CPR MASTIC BLISTER,3,4,0,0.00,9.00,si,DOMANDA_VIVA
947423707,LONGLIFE BERBERIN+ 60TAV RIVES,3,8,0,0.00,4.00,si,DOMANDA_VIVA
979097538,HYALO GYN GEL 10APPL MONODOSE,3,9,8,10.00,17.00,si,DOMANDA_VIVA
986395958,CERAMOL PSOR LOZIONE 50ML,3,4,6,0.00,0,si,GIA_POSIZIONATO_top5
900531118,MUTANDA ERNIA C/CUSC 5,3,8,0,0.00,1.00,si,DOMANDA_VIVA
989332857,AVENE SOL SPRAY SPF 30 200ML,3,8,9,5.00,5.00,si,DOMANDA_VIVA
987881669,CERAMOL SPOT BLOCK XL 50ML,3,3,5,0.00,2.00,si,DOMANDA_VIVA
008997064,DULCOLAX*40CPR RIV 5MG,3,10,100,74.00,65.00,si,DOMANDA_VIVA
980512750,CERAMOL LIPOCREMA 311 50ML,3,9,7,0.00,0,si,MAGAZZINO_domanda90g
981079864,BIOARGININA C ORALE 20FL,3,5,25,29.00,7.00,si,DOMANDA_VIVA
930057005,GIBAUD ORTHO CAVIGL AIRFORM,3,2,1,0.00,0,si,GIA_POSIZIONATO_top5
023227061,"EMORRIL*CREMA 40G 1%+1,5%",3,6,21,8.00,3.00,si,DOMANDA_VIVA
936018237,ENTEROGERMINA GONFIORE 20BUST,3,6,6,12.00,15.00,si,DOMANDA_VIVA
973603006,TIGERPET SPRAY 300ML,3,8,0,0.00,1.00,si,DOMANDA_VIVA
933012926,HJDRATA FILLER SUPERIDRATANTE,3,99,0,0.00,0,no,MORTO_vero
925599971,"MERIDOL CLOREX0,2% COLLUT300ML",3,1,11,4.00,1.00,si,DOMANDA_VIVA
934408663,BIOTHYMUS AC ACT D SH VOL200ML,3,4,4,0.00,2.00,si,DOMANDA_VIVA
972256642,CALCIOK2 30STICK PACK,3,9,0,0.00,18.00,si,DOMANDA_VIVA
908188903,GIBAUD CAVIGL INCROC TAGLIA 4,3,5,0,0.00,0,no,GIA_POSIZIONATO_top5
926461839,MTS10 GANODERMA GTT 20ML,3,7,0,0.00,0,si,MORTO_vero
976203950,FRUTTA & FIBRE CLASSICO 30CPR,3,9,0,0.00,2.00,si,DOMANDA_VIVA
905508723,GIBAUD ORTHO REGGIBRACCIO NE 2,3,1,2,0.00,0,no,GIA_POSIZIONATO_top5
921232450,PESCURA FLAT ORIG BYCAST SAB43,3,7,0,0.00,2.00,si,DOMANDA_VIVA
907152882,VASODREN 30CPR FILMATE,3,11,0,0.00,20.00,si,DOMANDA_VIVA
987336450,GIBAUD GINOCCH COT SOT BEI 2,3,4,0,0.00,1.00,si,DOMANDA_VIVA
982893238,EXTRA GENTLE DERMOPROT SH200ML,3,13,0,0.00,1.00,si,DOMANDA_VIVA
924531116,DEODORANTE BELLEZZA ROLL-ON,3,3,14,1.00,1.00,si,DOMANDA_VIVA
977657927,LFP VIT-C 1000 20CPR EFFERV,3,1,9,0.00,0,no,GIA_POSIZIONATO_top5
984876641,DOLOMIA MU LIP 32 PHYTOCARE,3,4,4,0.00,0,si,GIA_POSIZIONATO_top5
987743919,EKEEP B3 SURGICAL BRA POST BI3,3,2,1,0.00,0,no,GIA_POSIZIONATO_top5
926404118,GIBAUD ORTHO JUNIOR REGGIBRACC,3,2,1,0.00,0,no,GIA_POSIZIONATO_top5
983361724,GIBAUD ORTHO MANUGIB QUER SX 1,3,5,3,0.00,0,no,GIA_POSIZIONATO_top5
988785566,DOLOMIA SC LX ROLL ON OCC 15ML,3,1,3,0.00,0,no,GIA_POSIZIONATO_top5
948006541,SIBEN FLU 14BUST,3,1,8,0.00,0,si,GIA_POSIZIONATO_top5
987656749,PIC AGO IPODERMICO G23 1 1/4,3,1,6,0.00,0,no,GIA_POSIZIONATO_top5
984622670,LFP CREMA TALLONI 75ML,3,3,9,0.00,0,no,GIA_POSIZIONATO_top5
980644254,MARKEUTICALS FOCAL A/DHT 45CPR,3,10,0,0.00,12.00,si,DOMANDA_VIVA
974367029,LIPOTECH 800 20CPR,2,12,0,0.00,5.00,si,DOMANDA_VIVA
935572988,LICHTENA CREMA COMPL OCTA 25ML,2,11,0,0.00,4.00,si,DOMANDA_VIVA
931656805,TAE X ROSE CREMA 60ML,2,12,0,0.00,5.00,si,DOMANDA_VIVA
986956629,PHYTO COL BARRIERA 20CPR,2,6,0,0.00,0,si,MORTO_vero
913228072,CLEARBLUE RILEVAZIONE RAPIDA1P,2,9,15,1.00,0,si,DOMANDA_VIVA
022632107,NEOBOROCILLINA*20PAST S/Z,2,7,34,1.00,7.00,si,DOMANDA_VIVA
985581127,LFP PEAWELL TASK 12STICK,2,4,28,0.00,0,si,GIA_POSIZIONATO_top5
972472854,DUALCOL FERMENTI 10CPS,2,9,0,0.00,4.00,si,DOMANDA_VIVA
973916909,ARNICA BIANCARDI GEL EXF 200ML,2,99,0,0.00,0,si,MORTO_vero
988142927,EKEEP G3 SHORT FULL FOAM TUT,2,5,6,0.00,1.00,si,DOMANDA_VIVA
981545294,CH MAMMY GUAINA GRAVIDANZA 6,2,6,0,0.00,0,no,MORTO_vero
944292527,MAGNESIO POTASSIO S/ZUCCH60CPR,2,4,4,62.00,37.00,si,DOMANDA_VIVA
934857867,LACRIMALFA SOL OFTALMICA 10ML,2,6,0,0.00,3.00,si,DOMANDA_VIVA
981048010,BOUQUET ORO PROFUMO 50ML,2,99,0,0.00,0,no,MORTO_vero
970540896,VITA ACT MULTIVITAM 50+ 30CPR,2,2,6,0.00,13.00,si,DOMANDA_VIVA
939236093,NEXCARE CER SOFT STRISC 100X80,2,99,10,0.00,0,no,MAGAZZINO_senza_domanda
970726550,GIBAUD JUNIOR TUTORE SPALLA 2,2,1,1,0.00,0,no,GIA_POSIZIONATO_top5
981410133,LFP CREMA RICCA OSMOT 50ML,2,3,3,0.00,0,no,GIA_POSIZIONATO_top5
948088935,SAUGELLA POLIGYN SALV 15PZ,2,1,3,2.00,2.00,si,DOMANDA_VIVA
901735062,CREDO TAGLIACALLI SICUREZZA,2,3,0,0.00,1.00,si,DOMANDA_VIVA
975896440,GIBAUD ORTHO DORSOLOMBOGIB 4,2,11,0,0.00,1.00,si,DOMANDA_VIVA
983466362,DONNA PIU' 60CPS,2,8,0,0.00,0,si,MORTO_vero
971998265,EKEEP K1 POSTURE KEEPER U 1,2,1,1,0.00,0,no,GIA_POSIZIONATO_top5
983361698,GIBAUD ORTHO MANUGIB QUER DX 1,2,10,3,0.00,0,no,MAGAZZINO_senza_domanda
970304628,PANCIA PIATTA ACT 30CPS,2,5,23,6.00,2.00,si,DOMANDA_VIVA
049990017,VAGISIL ANTIMICOTICO*CR 30G 2%,2,2,17,2.00,2.00,si,DOMANDA_VIVA
981979180,GIBAUD ORTHO MALLEOGIB 3D CAV2,2,6,1,0.00,0,no,MAGAZZINO_senza_domanda
989408810,LFP FISIODETERGENTE 300ML,2,5,19,0.00,1.00,si,DOMANDA_VIVA
987405685,GOOVI MATITA OCCHI LINER 01 NE,2,14,0,0.00,0,no,MORTO_vero
987336474,GIBAUD GINOCCH COT SOT BEI 4,2,5,0,0.00,0,no,GIA_POSIZIONATO_top5
949973503,DIABEC 60CPS MOLLI,2,11,0,0.00,28.00,si,DOMANDA_VIVA
931601102,IALUSET PLUS GARZA 10X10 10PZ,2,6,6,0.00,5.00,si,DOMANDA_VIVA
988148146,CLAREMASE ORALE 20FL,2,2,25,39.00,20.00,si,DOMANDA_VIVA
975082912,GIBAUD SPORT GINOCCHIERA 1,2,3,1,0.00,0,no,GIA_POSIZIONATO_top5
942007663,PRONTEX PHYSIO ISOTON 5ML 20F,2,9,0,0.00,0,si,MORTO_vero
950915114,DOLOMIA MU FONDOT SIERO 91,2,1,3,0.00,0,no,GIA_POSIZIONATO_top5
986921740,FLAVIS DELIZIA ALLE ERBE 130G,2,5,0,0.00,0,si,GIA_POSIZIONATO_top5
930398488,ESI NO DOL GEL TERMICO 280G,2,1,34,0.00,0,no,GIA_POSIZIONATO_top5
970371706,PROPAUSA GEL INTIMO 30ML,2,5,0,0.00,2.00,si,DOMANDA_VIVA
981273776,CLIADENT IDROPULSORE,2,1,1,0.00,0,si,GIA_POSIZIONATO_top5
985778455,DOLOMIA MU NAIL 15 LEVASMALTO,2,1,7,0.00,0,no,GIA_POSIZIONATO_top5
938467281,BROMELINA 100CPR,2,8,0,0.00,2.00,si,DOMANDA_VIVA
982752887,DUALSAN GAMB TERAP KKL1 RAL 4,2,2,1,0.00,0,no,GIA_POSIZIONATO_top5
951507779,POLASE PLUS CARNITINA PRO24BUS,2,7,10,13.00,5.00,si,DOMANDA_VIVA
931052500,XVENO 30CPR,2,12,0,0.00,4.00,si,DOMANDA_VIVA
944473774,LONGLIFE LATTOFERRINA200 30CPS,2,8,0,0.00,0,si,MORTO_vero
977657939,LFP CREMA RID RINNOV TRIC 50ML,2,7,5,0.00,0,si,MAGAZZINO_domanda90g
934863960,CERAMOL BALSAMO CAPELLI 200ML,2,9,13,1.00,5.00,si,DOMANDA_VIVA
908480787,GIBAUD GINOCCH SPORTIVA CAMEL2,2,4,2,0.00,0,no,GIA_POSIZIONATO_top5
950276713,GIBAUD ORTHO CORS LOMB ACT V 2,2,5,3,0.00,0,si,GIA_POSIZIONATO_top5
988339154,NANCARE KIDS MULTIVIT 60GUMM,2,1,5,0.00,0,si,GIA_POSIZIONATO_top5
943779001,ASTAR 3D 20CPS MOLLI,2,9,0,0.00,1.00,si,DOMANDA_VIVA
982514364,BIOREM GOCCE 30ML,2,4,0,0.00,4.00,si,DOMANDA_VIVA
942260326,EUPHIDRA AMIDO INTIMO GEL,2,16,0,0.00,1.00,si,DOMANDA_VIVA
974036713,PUFATECH 100PRL,2,9,0,0.00,8.00,si,DOMANDA_VIVA
984599744,ALTRAPELLE MEDICAL ONICO SOLUZ,2,1,3,0.00,1.00,si,DOMANDA_VIVA
020702080,MAALOX PLUS*30CPR MAST,2,10,22,11.00,5.00,si,DOMANDA_VIVA
012745081,TACHIPIRINA*BB OS GTT 30ML 10%,2,4,47,4.00,4.00,si,DOMANDA_VIVA
979418821,BILIARIS LIQUIDO ANALC 200ML,2,6,0,0.00,0,si,MORTO_vero
987309679,PEGBIOMA 30BUST,2,5,21,0.00,5.00,si,DOMANDA_VIVA
975083041,GIBAUD SPORT BRACCIALE 3,2,11,0,0.00,0,no,MORTO_vero
980917165,KEYLIFE DETOX UOMO,2,1,6,0.00,0,si,GIA_POSIZIONATO_top5
881116343,ARNICA OTI COMPOSTO 20F FIS,2,8,0,0.00,0,no,MORTO_vero
931580575,GSE EYE DROPS CLICK GTT 10PIP,2,8,6,0.00,4.00,si,DOMANDA_VIVA
950221818,KUKIDENT PLUS MORSO INSUPERAB,2,9,96,12.00,6.00,si,DOMANDA_VIVA
974161857,GIBAUD ORTHO LOMBOGIB WORK 4,2,1,3,0.00,0,no,GIA_POSIZIONATO_top5
984412229,DOLOMIA MU MAT OCCHI 58 CARBO,2,4,3,0.00,0,si,GIA_POSIZIONATO_top5
900288299,"CER ROC LEUKOPOR 2,50X920CM",2,7,0,0.00,0,si,MORTO_vero
987386099,ANTHELIOS LATTE UVMUNE BB250ML,2,99,17,7.00,6.00,si,DOMANDA_VIVA
973499852,OLIO DEL RE SPRAY NASALE 30ML,2,9,0,0.00,1.00,si,DOMANDA_VIVA
943294746,TENDISULFUR RUN 14BUST,2,13,0,0.00,0,si,MORTO_vero
986013201,GIBAUD ORTHO LOMBOGIB TECH 3,2,10,4,0.00,0,si,MAGAZZINO_domanda90g
901607008,OLIGOMIR EPID CARAM SFUSE 3KG,2,5,0,0.00,0,no,GIA_POSIZIONATO_top5
984361319,PPM COLLAGEN+ 30BUST,2,4,0,0.00,16.00,si,DOMANDA_VIVA
975816315,COLPHARMA MAGNETO CARE HOME,2,11,0,0.00,0,si,MORTO_vero
987221456,CUMAVIS CREMA 100ML,2,6,0,0.00,0,si,MORTO_vero
978436739,GICAR CREMA 50ML,2,8,0,0.00,0,si,MORTO_vero
971667264,CH LATTE SOLARE SPRAY SPF30,2,99,0,0.00,0,no,MORTO_vero
934869658,SELIMA 30CPR,2,6,0,0.00,3.00,si,DOMANDA_VIVA
986013225,GIBAUD ORTHO LOMBOGIB TECH 4,2,9,3,0.00,0,si,MAGAZZINO_domanda90g
042922017,NEXIUM CONTROL*7CPR GASTR 20MG,2,1,33,0.00,0,si,GIA_POSIZIONATO_top5
930411121,"SINOVIAL 32 SIR INTRA-ART 1,6%",2,12,0,0.00,0,si,MORTO_vero
983832825,COXALT 20CPR,2,3,0,0.00,6.00,si,DOMANDA_VIVA
971968122,VICHY HOMME DEO ANTI-MACCHIE,2,3,8,0.00,1.00,si,DOMANDA_VIVA
943816645,NOKSAN SPUGNA BIFACCIALE,2,99,0,0.00,0,no,MORTO_vero
922925918,ESI LE DIECI ERBE FLOR 60CPS,2,5,17,1.00,0,si,DOMANDA_VIVA
984702187,LFP TERMOCREMA ARNICA 50ML,2,2,18,0.00,0,si,GIA_POSIZIONATO_top5
972790404,STOMODINE F 30ML,2,8,0,0.00,7.00,si,DOMANDA_VIVA
986971341,GIBAUD ORTHO ROTULGIB 3D GIN3,2,12,3,0.00,0,no,MAGAZZINO_senza_domanda
904656384,VENAID 30CPR,2,99,0,0.00,0,no,MORTO_vero
940144215,NAUSELASE GOCCE 20ML,2,5,8,0.00,0,no,GIA_POSIZIONATO_top5
908019553,AFTIR GEL ANTIPARASSITARIO 40G,2,11,0,0.00,6.00,si,DOMANDA_VIVA
984621298,SWISSE MULTIVITAMINICO D 30CPR,2,2,4,2.00,2.00,si,DOMANDA_VIVA
041536020,NUROFENBABY*10SUPP 60MG,2,8,0,0.00,1.00,si,DOMANDA_VIVA
911002184,SHAKTI CREMA VISO MOLYWIND,2,8,0,0.00,2.00,si,DOMANDA_VIVA
943942452,TANNIDIN PLUS 30CPR MAST,2,7,0,0.00,15.00,si,DOMANDA_VIVA
987361969,LFP SOL LATTE DOPOSOLE 250ML,2,1,4,0.00,0,no,GIA_POSIZIONATO_top5
984098689,REV DEOMED PLUS CREMA 80ML,2,3,0,0.00,0,si,GIA_POSIZIONATO_top5
924217856,ANELLO PLASMABILE STOMIA 2MM,2,5,0,0.00,3.00,si,DOMANDA_VIVA
942224445,SIDERAL ORO 14MG 20BUST,2,13,0,0.00,3.00,si,DOMANDA_VIVA
985723675,PEDIAVIT GOCCE 15ML,2,5,0,0.00,4.00,si,DOMANDA_VIVA
975189301,FLAVIS BREAD MIX 500G,2,14,5,0.00,0,si,MAGAZZINO_domanda90g
947073019,AVEC 30CPR MASTICABILI,2,9,0,0.00,5.00,si,DOMANDA_VIVA
021004179,BISOLVON*SCIR FL 200ML 8MG/5ML,2,1,339,9.00,0,si,DOMANDA_VIVA
984177713,ACUTIL ADULTI 55+ 24CPR,2,3,10,0.00,0,si,GIA_POSIZIONATO_top5
945098325,REUTERAL PET CANE 30CPS,2,7,0,0.00,34.00,si,DOMANDA_VIVA
982145029,AMIOIL CEROTTI 12PZ,2,5,0,0.00,0,si,GIA_POSIZIONATO_top5
983513716,KUKIDENT PLUS BARRI A/CI FR40G,2,4,3,13.00,20.00,si,DOMANDA_VIVA
945140174,EUPH COLORPRO XD 907 BIOND,2,6,4,0.00,4.00,si,DOMANDA_VIVA
925942346,CLINNIX CREMA SMAGLIATURE300ML,2,12,0,0.00,0,si,MORTO_vero
938061177,SAMEFAST UP 20CPR,2,7,6,0.00,2.00,si,DOMANDA_VIVA
925223327,LFP REFLUXCONTROL 24CPR,2,4,24,0.00,0,si,GIA_POSIZIONATO_top5
975427345,GIBAUD CLASSIC CINT POSTOP LE4,2,1,7,0.00,0,si,GIA_POSIZIONATO_top5
987750751,LFP CREMA RIMODELLANTE 230ML,2,2,5,0.00,0,no,GIA_POSIZIONATO_top5
977662030,AVENE CICALFATE+CR RISTRUT40ML,2,14,0,0.00,2.00,si,DOMANDA_VIVA
983746999,APROPOS TUSS SCIR ADULTI 150ML,2,1,12,0.00,0,si,GIA_POSIZIONATO_top5
977667916,PEABROLIN DOL 60CPS,2,3,0,0.00,0,no,GIA_POSIZIONATO_top5
985778467,LFP LATTE RISC VISO OCCHI400ML,2,4,6,0.00,0,si,GIA_POSIZIONATO_top5
921232676,PESCURA HEEL ORIG BYCAST SAB40,2,4,0,0.00,0,no,GIA_POSIZIONATO_top5
975399003,LFP SOL LATTE CORPO 50+ 100ML,2,3,6,0.00,0,si,GIA_POSIZIONATO_top5
932720915,ENVISUN DOPOS REPELLENTE 100ML,2,5,0,0.00,1.00,si,DOMANDA_VIVA
926593601,ESI DIURERBE FORTE ANAN24POCK,2,6,12,0.00,1.00,si,DOMANDA_VIVA
934028743,DERMOVITAMINA MICO PIEDE ATLET,2,3,14,0.00,1.00,si,DOMANDA_VIVA
947065140,ARTIKRILL CRESCITA 90CPR,2,6,0,0.00,7.00,si,DOMANDA_VIVA
029500030,CIBALGINA DUE FAST*12CPR 200MG,2,3,0,0.00,12.00,si,DOMANDA_VIVA
979393321,LFP OLIOSHAMPOO DERMOAFF 200ML,2,3,4,0.00,0,si,GIA_POSIZIONATO_top5
988754800,SCHOLL TALLONIERA GEL LARGE,2,99,0,0.00,0,no,MORTO_vero
908188915,GIBAUD CAVIGL INCROC TAGLIA 6,2,2,1,0.00,0,no,GIA_POSIZIONATO_top5
980436416,AMELAN CREMA 30ML,2,5,0,0.00,0,si,GIA_POSIZIONATO_top5
974770505,FORHANS DENTIF SCUDO NAT 75ML,2,8,0,0.00,0,si,MORTO_vero
900750136,P6 NAUSEA CONTROL BRACCIALE BB,2,6,6,0.00,0,si,MAGAZZINO_domanda90g
970371403,PROCINEX 24STICK 15ML,2,6,0,0.00,8.00,si,DOMANDA_VIVA
980299491,SIG SET DOFF N'DONNER,2,1,0,0.00,1.00,si,DOMANDA_VIVA
909108363,RIBES PET 30PRL,2,10,0,0.00,8.00,si,DOMANDA_VIVA
025561010,SOFARGEN*CREMA 30G 1%,2,10,6,4.00,2.00,si,DOMANDA_VIVA
987269038,MERIDOL COLLUTORIO PAROD 400ML,2,3,3,0.00,7.00,si,DOMANDA_VIVA
974885307,ANNURMETS HDL+ 30CPR,2,99,0,0.00,2.00,si,DOMANDA_VIVA
021528157,"TAMARINE*MARMEL260G 80+3,9MG/G",2,9,3,31.00,6.00,si,DOMANDA_VIVA
949855542,MYCLI SENSAGING MILKY SERUM,2,4,6,0.00,0,no,GIA_POSIZIONATO_top5
951365218,LIPIKAR BAUME AP+MAX 200ML,2,3,4,2.00,0,si,DOMANDA_VIVA
930700644,LONGLIFE SOD 2000 60CPR RIVES,2,11,0,0.00,0,si,MORTO_vero
978269153,DERCOS KERASOL SHAMPOO 250ML,2,2,24,2.00,0,si,DOMANDA_VIVA
986913756,SEBIUM HYDRA CLEANSER 200ML,2,12,0,0.00,3.00,si,DOMANDA_VIVA
900976135,ULTRA TWO MULTIVIT 90TAV,2,99,0,0.00,0,si,MORTO_vero
981979216,GIBAUD ORTHO MALLEOGIB 3D CAV5,2,1,1,0.00,0,no,GIA_POSIZIONATO_top5
943921597,MASSIGEN MULTIGUMMY 60CARAM,2,3,5,4.00,5.00,si,DOMANDA_VIVA
988753214,PEVARYL MICOSI UNGHIA 14ML,2,6,0,0.00,0,si,MORTO_vero
933950255,JOY GOCCE 20ML,2,7,0,0.00,2.00,si,DOMANDA_VIVA
951091913,EUCERIN DC SIERO TRIPLA AZ40ML,2,4,3,0.00,0,si,GIA_POSIZIONATO_top5
989976838,BAKEL NIA TECH CR NORM CASE&RE,2,1,1,0.00,0,si,GIA_POSIZIONATO_top5
982177925,DOLOMIA MU FOND 32 COL IDEA,2,5,5,0.00,0,no,GIA_POSIZIONATO_top5
976396592,OMEGOR TWINEFA 60CPS NEW,2,7,0,0.00,0,no,MORTO_vero
984703773,COLLAFORCE SUPER 10000 450G,2,7,0,0.00,22.00,si,DOMANDA_VIVA
932178371,INTERPROX PLUS NANO ROSA 6PZ,2,1,4,5.00,4.00,si,DOMANDA_VIVA
926194465,SEMI DI LINO MACINATI 200G,2,4,0,0.00,0,si,GIA_POSIZIONATO_top5
977671243,DERMOVITAMINA VERRUCHE 2ML,2,7,10,1.00,1.00,si,DOMANDA_VIVA
976770077,ZEROALL GOCCE 30ML,2,5,0,0.00,0,si,GIA_POSIZIONATO_top5
924587239,MAGNESIO C/VITAMINE B 30CPR,2,14,0,0.00,2.00,si,DOMANDA_VIVA
974640765,LFP NAC 300 COMPLEX 12BUST,2,1,8,0.00,0,no,GIA_POSIZIONATO_top5
926511320,KOMBUCHA 750ML,2,2,0,0.00,17.00,si,DOMANDA_VIVA
904212180,CISTILENE 50OPR,2,18,0,0.00,0,no,MORTO_vero
940083470,BROMELINA PLUS 500 60CPS,2,12,0,0.00,6.00,si,DOMANDA_VIVA
985995543,INSULIPID 60CPR,2,11,0,0.00,3.00,si,DOMANDA_VIVA
971393917,B-VITAL TOTALE 30CPR RIVESTITE,2,9,0,0.00,13.00,si,DOMANDA_VIVA
989408594,DOLOMIA SC HD BALSAMO 200ML,2,1,6,0.00,0,si,GIA_POSIZIONATO_top5
908758067,MAVALA 002 BASE RINFOR UN 10ML,2,2,3,0.00,0,no,GIA_POSIZIONATO_top5
931991309,FLEBOSTAX 30CPR,2,11,0,0.00,0,si,MORTO_vero
944800984,LONGLIFE QUERCETINA 200 60CPR,2,10,0,0.00,2.00,si,DOMANDA_VIVA
975816164,SAUBER ANTITRASP 72ORE CREMA,2,1,7,0.00,0,si,GIA_POSIZIONATO_top5
938124373,CLEBOLIDER CREMA IDRAT 150ML,2,12,0,0.00,1.00,si,DOMANDA_VIVA
982475333,SERENITY PANTS SD SENS EX L 12,2,10,0,0.00,37.00,si,DOMANDA_VIVA
975083484,ACTIVE MEMORY SOLETTA BAMBOO42,2,6,0,0.00,0,no,MORTO_vero
921189243,OXILIFE 30CPS,2,8,0,0.00,0,si,MORTO_vero
975427358,GIBAUD CLASSIC CINT POSTOP LE5,2,1,3,0.00,0,si,GIA_POSIZIONATO_top5
924924830,ARIFER PLUS 30CPS,2,11,0,0.00,7.00,si,DOMANDA_VIVA
937030892,NOVA PROST 30CPS SOFTGEL,2,11,0,0.00,1.00,si,DOMANDA_VIVA
908620646,"SAUGELLA GEL INTIMO PH5,5 30ML",2,8,3,7.00,0,si,DOMANDA_VIVA
973662036,CITILPEA 30BUST,2,6,3,16.00,4.00,si,DOMANDA_VIVA
924268788,ELMEX SENSITIVE PROF COLLUT,2,4,26,8.00,9.00,si,DOMANDA_VIVA
951091925,EUCERIN DC TONICO PURIF 200ML,2,2,3,0.00,0,si,GIA_POSIZIONATO_top5
989270602,MULTIVITAMIX B12 12FL,2,3,22,7.00,27.00,si,DOMANDA_VIVA
970362404,LEGEL CREMA-GEL 150ML,2,5,0,0.00,11.00,si,DOMANDA_VIVA
989415373,SUSTENIUM PLUS 50+ 15FL,2,7,12,8.00,6.00,si,DOMANDA_VIVA
922364068,DERCOS SHAMPO ANTIFORF SENSITI,2,5,13,5.00,3.00,si,DOMANDA_VIVA
046175081,MACROGOL AURO*20BUST 10G,2,2,0,0.00,30.00,si,DOMANDA_VIVA
940431012,VITA B7 50CPS VEGETALI,2,1,0,0.00,7.00,si,DOMANDA_VIVA
983361674,GIBAUD ORTHO MANUGIB TRAU SX 1,2,8,0,0.00,0,no,MORTO_vero
904695234,PROPOL2 EMF SPRAY FORTE 30ML,2,7,0,0.00,1.00,si,DOMANDA_VIVA
912468131,"NUTRITIC LABBRA 4,7ML",2,5,81,0.00,0,si,GIA_POSIZIONATO_top5
800602359,MELISSA SEPIA COM 20G GL WALA,2,99,0,0.00,0,no,MORTO_vero
971636535,CARBITECH 30CPR,2,12,0,0.00,2.00,si,DOMANDA_VIVA
980911770,NERADIN 28CPS,2,8,0,0.00,2.00,si,DOMANDA_VIVA
903964575,ELASTOVEN 30CPR,2,8,0,0.00,7.00,si,DOMANDA_VIVA
984950485,CERAMOL GLOBAL DEF 30CPR,2,2,22,0.00,1.00,si,DOMANDA_VIVA
983374063,PHOTODERM CREME CLAIRE SPF50+,2,5,0,0.00,3.00,si,DOMANDA_VIVA
981389341,DERMON DETERGENTE INTIMO 500ML,2,3,15,2.00,15.00,si,DOMANDA_VIVA
985917943,POLIDENT POWER MAX SUPER 40G,2,7,4,0.00,0,si,MAGAZZINO_domanda90g
984411847,LFP OLIO CORPO 5 OLI 100ML,2,3,13,0.00,0,si,GIA_POSIZIONATO_top5
949990840,BIOKAP LOZIONE ANTIFORFORA NF,2,6,0,0.00,1.00,si,DOMANDA_VIVA
984952679,VITINIX VENE 30CPR,1,7,0,0.00,2.00,si,DOMANDA_VIVA
939065583,FLORIGEN DETERGENTE INTIMO,1,10,0,0.00,1.00,si,DOMANDA_VIVA
944547924,PRINCIPIUM CALCIO K D VEG60CPR,1,6,0,0.00,4.00,si,DOMANDA_VIVA
800112361,CRATAEGUS OXYA 60ML TM,1,99,0,0.00,0,si,MORTO_vero
972533549,REDOX S 30CPS,1,8,0,0.00,3.00,si,DOMANDA_VIVA
983374000,PHOTODERM M SPF50+ DORE' 40ML,1,12,0,0.00,1.00,si,DOMANDA_VIVA
921671412,AUDISPRAY ADULT IGIENE SPR50ML,1,5,5,3.00,2.00,si,DOMANDA_VIVA
900215536,SOURCE OF LIFE 90TAV,1,7,0,0.00,0,si,MORTO_vero
931646350,STONUR 20BUST,1,99,0,0.00,0,si,MORTO_vero
934018298,KILOCAL BRUCIA GRASSI 15CPR,1,12,0,0.00,4.00,si,DOMANDA_VIVA
933644066,DEONAT FRESH STICK UOMO 100G,1,6,0,0.00,1.00,si,DOMANDA_VIVA
903693253,SOS PELLE L'OFFICINALE 25ML,1,8,0,0.00,0,si,MORTO_vero
977449026,COLLUTO3 COLLUTORIO OZONO250ML,1,6,0,0.00,1.00,si,DOMANDA_VIVA
046545012,VICKS FLU GIORNO NOTTE*12+4CPR,1,10,0,0.00,0,si,MORTO_vero
983034315,REFLUZERO 20CPR,1,10,0,4.00,23.00,si,DOMANDA_VIVA
974425516,CANDIDOPHILUS 30CPS,1,10,0,0.00,0,si,MORTO_vero
925599286,LENDINOUT ACT AZIONE PREVENTIV,1,10,0,0.00,0,si,MORTO_vero
925606079,CURASEPT COLLUT ECOBIO 300ML,1,10,0,0.00,5.00,si,DOMANDA_VIVA
971120302,GENZIANA ESTRATTO INTEGR 200ML,1,99,0,0.00,0,si,MORTO_vero
986626024,HYDRALEN SIERO 30ML,1,11,0,0.00,1.00,si,DOMANDA_VIVA
980296279,CANDIDAS T 180PAST,1,3,0,0.00,5.00,si,DOMANDA_VIVA
989606886,ANGSTROM LATTE SOL LE SPF15,1,7,9,0.00,0,si,MAGAZZINO_domanda90g
978588919,EXTRACT NERVUM 50ML,1,6,0,0.00,2.00,si,DOMANDA_VIVA
021004041,BISOLVON*LINCTUS SCIR FL 250ML,1,3,18,0.00,0,si,GIA_POSIZIONATO_top5
986624981,SWISSE FERRO 40GOMMOSE,1,6,0,0.00,0,si,MORTO_vero
979321318,DERMOVITAMINA MICO SMALTO NUDE,1,1,3,0.00,1.00,si,DOMANDA_VIVA
979418389,AVEENO SPRAY DOPO DOCCIA PROMO,1,7,8,0.00,0,si,MAGAZZINO_domanda90g
988153161,AQUAVIS AKTOREPAIR GEL 75ML,1,9,0,0.00,2.00,si,DOMANDA_VIVA
027668019,LATTULOSIO SAND*SCIR 180ML,1,15,17,61.00,2.00,si,DOMANDA_VIVA
944889068,PROGENY PET 60BUST,1,8,0,0.00,0,si,MORTO_vero
906810775,RUSCH 850414/1 RACC 2LT STER1P,1,9,0,0.00,5.00,si,DOMANDA_VIVA
910852692,CLINNIX AKNE CREMA SEBOREG,1,99,0,0.00,2.00,si,DOMANDA_VIVA
028424012,FLEBOSTASIN R*30CPS 50MG RM,1,4,0,0.00,0,si,GIA_POSIZIONATO_top5
971216700,NATUR-GYM 60CPS VEGETALI,1,8,0,0.00,1.00,si,DOMANDA_VIVA
931774119,CLIN 4000 30BUST,1,99,0,0.00,9.00,si,DOMANDA_VIVA
931961484,ANAURETTE SPRAY 30ML,1,99,0,0.00,0,si,MORTO_vero
985917956,POLIDENT POWER MAX SUPER 70G,1,1,10,0.00,1.00,si,DOMANDA_VIVA
951306240,PSIPROTO FERT 30BUST,1,3,0,1.00,1.00,si,DOMANDA_VIVA
905987614,FITOESTRIL 30CPR,1,9,0,0.00,4.00,si,DOMANDA_VIVA
974088852,EKEEP K1 POSTURE KEEPER D BI 4,1,6,4,0.00,0,si,MAGAZZINO_domanda90g
004853026,VALERIANA DISPERT*60CPR 45MG,1,5,8,4.00,3.00,si,DOMANDA_VIVA
984177927,ISOMAR FLACONCINI DECONG20X5ML,1,4,5,0.00,2.00,si,DOMANDA_VIVA
943112639,SIMBIDOL 20BUST,1,9,0,0.00,2.00,si,DOMANDA_VIVA
900095631,BALSAMO TAILANDESE 50ML,1,99,0,0.00,0,si,MORTO_vero
947251738,ENERPLUS RICARICA 15BUST,1,10,0,0.00,2.00,si,DOMANDA_VIVA
982476261,VITAMINA B12 ATTIVATA LIQ100ML,1,4,0,0.00,5.00,si,DOMANDA_VIVA
938911308,FLORABALANCE ACTIVE 30CPS,1,8,0,0.00,2.00,si,DOMANDA_VIVA
987646991,NOTROBEN 500 20STICK PACK OROS,1,7,0,0.00,2.00,si,DOMANDA_VIVA
971325271,PEDIAKD PLUS 5ML,1,6,0,0.00,3.00,si,DOMANDA_VIVA
943912891,JALOREST 30CPR,1,14,0,0.00,9.00,si,DOMANDA_VIVA
984322293,RESTOMYL DENTIFRICIO 50ML,1,10,0,0.00,5.00,si,DOMANDA_VIVA
974024958,SUBRANS 20CPR,1,9,0,0.00,0,si,MORTO_vero
971092236,LIVE VITAMINS 30CPS,1,99,0,0.00,0,si,MORTO_vero
980287041,DEFENCE HAIR SHAMPOO NUTR200ML,1,99,0,0.00,2.00,si,DOMANDA_VIVA
977021258,AMUCHINA GEL X-GERM 250ML,1,99,0,0.00,0,si,MORTO_vero
984499994,STEROL STOP ADVANCE 30CPR,1,9,0,0.00,1.00,si,DOMANDA_VIVA
909469138,"ENGYSTOL N 10Fl.1,1ml",1,11,0,0.00,3.00,si,DOMANDA_VIVA
903987459,VEA DETERGENTE PROT/LENIT 250M,1,99,0,0.00,4.00,si,DOMANDA_VIVA
941790584,CALCIO+MAGNESIO B6+VITD3 60CPS,1,8,0,0.00,1.00,si,DOMANDA_VIVA
945030171,JOHYA OS 15FL,1,12,0,0.00,35.00,si,DOMANDA_VIVA
016222073,CENTELLASE*30CPR 30MG,1,9,22,22.00,20.00,si,DOMANDA_VIVA
985999578,EUMILL ALLERGY GTT OCUL 10FL,1,6,8,6.00,3.00,si,DOMANDA_VIVA
975454430,RASPA PLATINUM,1,99,0,0.00,2.00,si,DOMANDA_VIVA
983364415,MAGNESIO E POTASSIO POLV 360G,1,99,0,0.00,4.00,si,DOMANDA_VIVA
979016312,LFP URODEFENCE 14BUST,1,5,6,0.00,0,si,GIA_POSIZIONATO_top5
937494488,CONVEEN OPTIMA GUAINA 30MM 30P,1,12,0,0.00,24.00,si,DOMANDA_VIVA
925375685,CITOVET 150ML,1,10,0,0.00,2.00,si,DOMANDA_VIVA
905163679,OZIDERM POLVERE 75G,1,12,0,0.00,15.00,si,DOMANDA_VIVA
980784387,GENEDOL 30CPR,1,99,0,0.00,7.00,si,DOMANDA_VIVA
903963635,CROMOVIT CREMA PHARCOS 40ML,1,6,0,0.00,1.00,si,DOMANDA_VIVA
980437115,CONCEIVE PLUS SUP FERT F 60CPS,1,3,0,0.00,4.00,si,DOMANDA_VIVA
931370567,PROPOSTA MONO 30CPS,1,13,0,0.00,1.00,si,DOMANDA_VIVA
927222315,ALO YAL SOLUZIONE OFTALMICA8ML,1,99,0,0.00,0,si,MORTO_vero
945251573,PRINCIPIUM TENSIOLEN 30CPR,1,9,0,0.00,7.00,si,DOMANDA_VIVA
980295442,CALENDULA EXTRACT PLUS 100ML,1,7,0,0.00,0,si,MORTO_vero
800112411,RIBES NIGRUM 60ML TM,1,99,0,0.00,0,si,MORTO_vero
982948693,BONEFORT 120CPS,1,1,0,0.00,9.00,si,DOMANDA_VIVA
945030714,VITICIST MIRTILLO 20CPR RIV,1,2,0,0.00,1.00,si,DOMANDA_VIVA
979375704,FORMULA VENUM 60CPR,1,6,0,0.00,2.00,si,DOMANDA_VIVA
981466485,CEROTTO ANTIMICOSI UREA 24PZ,1,5,0,0.00,1.00,si,DOMANDA_VIVA
981080979,Q10 ACTIVE 100 30CPS,1,6,0,0.00,0,si,MORTO_vero
951381476,CERAVE PROTEZIONE SOL50+ 177ML,1,9,107,0.00,1.00,si,DOMANDA_VIVA
926876766,FLEBOMIX CREMA GEL 100ML,1,8,0,0.00,8.00,si,DOMANDA_VIVA
900759705,TRICONICON PHARCOS 30CPR,1,11,0,0.00,4.00,si,DOMANDA_VIVA
981273257,BUTYROSE FAST 10STICK,1,5,0,0.00,0,si,GIA_POSIZIONATO_top5
939062725,TAE X INVERSE VITILIGO SUNCARE,1,99,0,0.00,1.00,si,DOMANDA_VIVA
927585733,CLORETRIX DET INTIMO 500ML,1,6,0,0.00,1.00,si,DOMANDA_VIVA
939029981,NAVIBLEF INTENSIVE CARE 50ML,1,10,0,0.00,0,si,MORTO_vero
927591192,ELMEX FILO INTERDENTALE CERATO,1,99,0,0.00,1.00,si,DOMANDA_VIVA
935197715,NAUSIL FORTE 30ML,1,1,7,1.00,1.00,si,DOMANDA_VIVA
935848489,BIOKAP NUTRICDEL SPRAY RIT CS,1,5,0,0.00,11.00,si,DOMANDA_VIVA
900240235,MELANIDIN PLUS EUPIGMENT 50ML,1,12,0,0.00,5.00,si,DOMANDA_VIVA
901558876,ARGILTUBO 250ML,1,9,0,0.00,2.00,si,DOMANDA_VIVA
981920919,SOLLIEVO FISIOLAX 27CPR,1,9,0,0.00,2.00,si,DOMANDA_VIVA
921034498,ALPECIN ENERGIZER TON DOPOSH,1,99,0,0.00,0,si,MORTO_vero
950265292,VITALMIX PRONTA ENERGIA 20BUST,1,13,0,0.00,5.00,si,DOMANDA_VIVA
987067042,SANAVITA MACROCOL PLUS 20BUST,1,7,0,0.00,14.00,si,DOMANDA_VIVA
981043351,ENERVIT C2 1 ISOCARB 650G,1,6,0,0.00,5.00,si,DOMANDA_VIVA
980504308,STERILVIT POLIVIT GOCCE 5ML,1,99,0,0.00,0,si,MORTO_vero
907152779,GLOBALFE 30CPS MOLLI,1,9,0,0.00,1.00,si,DOMANDA_VIVA
971123841,OLEOLITO DI IPERICO 100ML,1,10,0,0.00,1.00,si,DOMANDA_VIVA
930244797,PESSARIO LATEX FREE DIAM 75MM,1,2,0,0.00,1.00,si,DOMANDA_VIVA
973351947,ZINCOSEB SPRAY 200ML,1,6,0,0.00,0,si,MORTO_vero
975941737,FERTISTILL 20BUST,1,9,0,0.00,3.00,si,DOMANDA_VIVA
982463655,AGEX FLUID PHARCOS 15F 25ML,1,99,0,0.00,14.00,si,DOMANDA_VIVA
987437225,POLASE LIMONE 24BUST PROMO,1,15,22,0.00,8.00,si,DOMANDA_VIVA
905954982,RESTIVOIL SEBO NORM 250ML,1,16,0,0.00,3.00,si,DOMANDA_VIVA
981114073,BIOSCALIN NUTRICOL PL 6 BIO SC,1,8,7,0.00,3.00,si,DOMANDA_VIVA
902068701,EUBOS CREMA NORMALIZZANTE 50ML,1,15,0,0.00,4.00,si,DOMANDA_VIVA
941113300,VENAPLUS 30CPR,1,11,0,0.00,1.00,si,DOMANDA_VIVA
980913216,CERAVE CREMA MANI RIPARAT100ML,1,4,9,0.00,2.00,si,DOMANDA_VIVA
044140010,BETADINE*SOLUZ CUT 125ML 10%,1,99,1,2.00,3.00,si,DOMANDA_VIVA
980783245,NEO PINSELINA DOL 20ML,1,10,0,0.00,0,si,MORTO_vero
921811903,ENNE 3 PLUS 20CPS SOFTGEL,1,8,0,0.00,4.00,si,DOMANDA_VIVA
938283001,MGK VIS POCKET STICK ARA 12BST,1,99,0,0.00,0,si,MORTO_vero
904643158,"IDRO YAL 0,2% SOL OFT 15ML",1,9,0,0.00,8.00,si,DOMANDA_VIVA
982931370,ESI DONNA LIFE CICLO MESTRUALE,1,7,0,0.00,1.00,si,DOMANDA_VIVA
987669773,GIBAUD ORTHO WALKER TUT TIBIA2,1,10,2,0.00,0,si,MAGAZZINO_domanda90g
978575621,OMEGOR KIDS 140ML,1,5,0,0.00,0,si,GIA_POSIZIONATO_top5
945138941,FLORYAN 10CPS,1,2,11,0.00,3.00,si,DOMANDA_VIVA
986709107,NATUR-OX 30CPR GASTRORESISTENT,1,6,0,0.00,6.00,si,DOMANDA_VIVA
981448590,TRIDERM DS TRATTAMENTO NORMAL,1,10,0,0.00,0,si,MORTO_vero
981937360,KERACNYL GEL DETERGENTE 400ML,1,5,28,0.00,10.00,si,DOMANDA_VIVA
900411188,MOST CREMA LENITIVA 50ML,1,99,0,0.00,3.00,si,DOMANDA_VIVA
970503114,TIAGIN FAST 10CPS VAGINALI SOF,1,8,0,0.00,3.00,si,DOMANDA_VIVA
930617535,MEN RASAYANA 60CPR,1,9,0,0.00,0,si,MORTO_vero
971715976,NORAD 30CPR 900MG,1,8,0,0.00,6.00,si,DOMANDA_VIVA
905562411,SKINSAN LAVANDA VAG 4FL 140ML,1,99,0,0.00,0,si,MORTO_vero
971260308,CLEARBLUE RILEVAZIONE PRECOCE,1,12,22,5.00,5.00,si,DOMANDA_VIVA
989815752,ESI MULTICOMPLEX VIT OFF24BUST,1,4,17,0.00,0,si,GIA_POSIZIONATO_top5
922354143,AMICO SOLUZIONE UNGUEALE 10ML,1,11,0,0.00,0,si,MORTO_vero
986582221,CUMAVIS 30STICK PACK,1,9,0,0.00,0,si,MORTO_vero
035355015,TANTUM VERDE GENG E STOM*240ML,1,1,26,6.00,6.00,si,DOMANDA_VIVA
970712939,OSTEO GHEOS FUNZIONALE 180CPR,1,8,0,0.00,4.00,si,DOMANDA_VIVA
024552046,ARVENUM*60CPR RIV 500MG,1,12,3,6.00,14.00,si,DOMANDA_VIVA
973923081,PULSOXIMETRO DA DITO OXY-2,1,11,0,0.00,1.00,si,DOMANDA_VIVA
921508432,LFP FIALE RINFORZANTI CAP 10F,1,5,5,0.00,0,si,GIA_POSIZIONATO_top5
989983325,REVIANAL EMULGEL 50ML,1,7,0,0.00,0,si,MORTO_vero
974058341,SENSIQUELL CR DET CANOVA 400ML,1,5,0,0.00,0,si,GIA_POSIZIONATO_top5
981389339,DERMON DETERGENTE DOCCIA EXTRA,1,13,6,0.00,1.00,si,DOMANDA_VIVA
925391308,FLEBOMIX 1000MG 30CPR,1,8,0,0.00,6.00,si,DOMANDA_VIVA
975186560,VITA D GOCCE 50ML,1,10,0,0.00,2.00,si,DOMANDA_VIVA
920000864,ROGENOL DAILY SHAMPOO 200ML,1,7,0,0.00,2.00,si,DOMANDA_VIVA
950978864,REUFLOR JUNIOR 10FL,1,7,26,0.00,2.00,si,DOMANDA_VIVA
901539294,DEODORANTE AQUASALVIA 100ML,1,4,0,0.00,0,si,GIA_POSIZIONATO_top5
987383421,PELLISART 30CPR,1,8,0,0.00,0,si,MORTO_vero
987315811,SCREEN TEST CANDIDA SELFTEST1P,1,4,0,0.00,2.00,si,DOMANDA_VIVA
912650227,TRIDERM SAPONE MARS LIQ 500ML,1,3,0,0.00,0,si,GIA_POSIZIONATO_top5
939587376,PLURIGIN OVULI VAGINALI 10PZ,1,2,0,0.00,1.00,si,DOMANDA_VIVA
986708194,TRICOMNIA OLIO RISTRUTTURANTE,1,5,0,0.00,19.00,si,DOMANDA_VIVA
971953029,NUTRIFREE FETTE BISC 225G,1,2,0,0.00,0,si,GIA_POSIZIONATO_top5
983660933,SERENAMENTE 30CPS,1,8,0,0.00,7.00,si,DOMANDA_VIVA
949970723,MASSIGEN PRONTA ENERG12BUS+TEL,1,3,8,0.00,1.00,si,DOMANDA_VIVA
987414758,BRUX CLEAN 56CPR EFFERVESCENTI,1,1,11,0.00,0,si,GIA_POSIZIONATO_top5
905123042,BIOGREEN OTO SPRAY SOL OTO13ML,1,12,0,0.00,2.00,si,DOMANDA_VIVA
982946725,CERAMOL SUN PROT CREAM SPF30,1,1,4,0.00,0,si,GIA_POSIZIONATO_top5
988031148,ENTEROLACTIS DUO POLV 20BUST,1,3,4,0.00,2.00,si,DOMANDA_VIVA
938597059,MIRAGYN OLIO SPRAY 100ML,1,16,0,0.00,0,si,MORTO_vero
982178028,ESI SERENESI 60NATURCAPS,1,3,0,0.00,0,si,GIA_POSIZIONATO_top5
973500301,PURES SPRAY TONICO CIRC 100ML,1,4,0,0.00,1.00,si,DOMANDA_VIVA
945008252,MAYASPRINT 10FL,1,6,0,0.00,2.00,si,DOMANDA_VIVA
934784493,NUTRATOPIC PRO-AMP CREMA CORPO,1,10,0,0.00,0,si,MORTO_vero
980860187,ENTOGOL 20BUST,1,15,0,0.00,8.00,si,DOMANDA_VIVA
979796719,CARDIO FLUID 180PAST,1,11,0,0.00,0,si,MORTO_vero
978473674,ANNURKOLEST 60CPS,1,10,0,0.00,0,si,MORTO_vero
973378159,M-AID RESOLVE CICATR CER 25X4,1,7,0,0.00,1.00,si,DOMANDA_VIVA
951268768,QUIXX DELICATE SOL IRRIG NAS,1,5,3,0.00,9.00,si,DOMANDA_VIVA
923757278,KEPRAXIN TIAB POLV SPRAY 125ML,1,6,0,0.00,4.00,si,DOMANDA_VIVA
982454795,JUST FOR MEN CONTROL GX SH COL,1,8,0,0.00,3.00,si,DOMANDA_VIVA
931645485,VERSIACTIVE SPRAY100ML BRADERM,1,6,0,0.00,6.00,si,DOMANDA_VIVA
950216414,MECLON INTIMA QUOTIDIANO DET,1,4,13,5.00,3.00,si,DOMANDA_VIVA
952099164,VITICIST URTO 10BUST+INT OMAGG,1,1,8,0.00,0,si,GIA_POSIZIONATO_top5
927042426,PURES SPRAY PURIFICANTE 75ML,1,9,0,0.00,0,si,MORTO_vero
984876666,DOLOMIA MU LIP 34 PHYTOCARE,1,3,3,0.00,0,si,GIA_POSIZIONATO_top5
924760984,SAGINIL OVULI VAGINALI 10PZ,1,3,0,0.00,6.00,si,DOMANDA_VIVA
950247991,SINERCI VITAMINA C SINER 2VASI,1,4,6,0.00,3.00,si,DOMANDA_VIVA
934488329,DHALUX 350 30CPS MOLLI,1,8,0,0.00,2.00,si,DOMANDA_VIVA
984414502,XAZEPIN ORO FAST RELEASE20BUST,1,14,0,0.00,2.00,si,DOMANDA_VIVA
988939397,VOIS PLUS 14STICK OROSOLUBILI,1,6,0,0.00,3.00,si,DOMANDA_VIVA
909790281,NORMALINE 60CPR,1,6,0,0.00,0,si,MORTO_vero
902465893,PROTEFIX CUSCINETTO INFER 30PZ,1,5,0,0.00,11.00,si,DOMANDA_VIVA
984746103,COGNIZANT 10FL 10ML,1,14,0,0.00,79.00,si,DOMANDA_VIVA
939393171,PODIDRAL FAS CR RAGADI PIED100,1,9,0,0.00,1.00,si,DOMANDA_VIVA
978476099,KIJIMEA COLON IRRITAB PRO14CPS,1,12,0,0.00,1.00,si,DOMANDA_VIVA
944779343,PROMENSIL MENOPAUSA 90CPR,1,4,0,0.00,3.00,si,DOMANDA_VIVA
937494425,CONVEEN OPTIMA GUAINA 25MM 30P,1,3,0,0.00,0,si,GIA_POSIZIONATO_top5
984360343,CLOREXYDERM SOL 200ML,1,13,0,0.00,3.00,si,DOMANDA_VIVA
982407645,DIVILAB OLIO DET SCHIUMOGENO,1,4,0,0.00,2.00,si,DOMANDA_VIVA
900438045,RESTOMYL GEL CANI GATTI 30ML,1,99,0,0.00,2.00,si,DOMANDA_VIVA
903997524,NIKE RCK ASCORB K+RIB 100BUST,1,99,0,0.00,11.00,si,DOMANDA_VIVA
943469938,VEA DEO-LIPOGEL DEODORANTE30ML,1,13,0,0.00,13.00,si,DOMANDA_VIVA
977733221,ESI NO DOL GLUCOSAMINA PURA90O,1,11,6,0.00,1.00,si,DOMANDA_VIVA
980628200,BUONA DIFESA FLACONCINI14X10ML,1,99,0,0.00,0,si,MORTO_vero
906995776,INTAKE 10FL 10ML,1,99,0,0.00,3.00,si,DOMANDA_VIVA
970257388,DERMABLEND 3D 25 30ML,1,99,0,0.00,0,si,MORTO_vero
938699182,OTOBOR SPR AURIC 50ML,1,12,0,0.00,2.00,si,DOMANDA_VIVA
972353965,ALGIOMEGA 3 120PRL,1,2,3,0.00,0,si,GIA_POSIZIONATO_top5
980459729,EUCLORINA AFTE COLLUT 120ML,1,99,35,1.00,0,si,DOMANDA_VIVA
989252325,CERAVE DETERGENTE IMPERF 473ML,1,7,5,4.00,3.00,si,DOMANDA_VIVA
023177090,NAPROSYN*OS 30BUST 250MG,1,3,0,0.00,0,si,GIA_POSIZIONATO_top5
933328243,BIOKAP B SH NUTRIENTE RIPA,1,99,0,0.00,1.00,si,DOMANDA_VIVA
985976226,SAUBER DRENANTE ANTICELL 500ML,1,1,24,0.00,0,si,GIA_POSIZIONATO_top5
981470127,AMICOBOR SOL ALCOLICA 100ML,1,6,0,0.00,2.00,si,DOMANDA_VIVA
980505933,NADIAX 3 CREMA NANOEMULS 150ML,1,10,0,0.00,5.00,si,DOMANDA_VIVA
942578461,MICOSTOP EMULSIONE 125ML,1,6,0,0.00,1.00,si,DOMANDA_VIVA
978494906,DERMOVITAMINA PROCTOC FAST,1,99,0,0.00,0,si,MORTO_vero
909210167,CATETERE ESTERNO 25MM 30PZ,1,99,0,0.00,0,si,MORTO_vero
921030742,AMINOGLUTAM 30BUST,1,12,0,0.00,18.00,si,DOMANDA_VIVA
922316740,TEGADERM ROLL CM10X2M 1PZ,1,10,0,0.00,5.00,si,DOMANDA_VIVA
981080690,ACUTIL FOSFORO ADVANCE 12STICK,1,1,14,2.00,2.00,si,DOMANDA_VIVA
980512735,CERAMOL CREMA 311 75ML,1,5,4,1.00,1.00,si,DOMANDA_VIVA
971376532,STEFORT SOL ORALE 10FL 10ML,1,5,0,0.00,18.00,si,DOMANDA_VIVA
903152229,SANAGOL TUSSIS ARANCIA 24CAR,1,12,0,0.00,4.00,si,DOMANDA_VIVA
926978204,BRAUN HYGIENE CAPS THERMOSCAN,1,9,0,0.00,1.00,si,DOMANDA_VIVA
980370326,DERMOVITAMINA CICATRICI GEL,1,99,0,0.00,0,si,MORTO_vero
935877086,DANASE KAL 20CPR,1,9,0,0.00,5.00,si,DOMANDA_VIVA
971981105,BIO STRATH ELIXIR 500ML,1,6,0,0.00,3.00,si,DOMANDA_VIVA
921394235,NATURAFLORA PLUS 60CPS VEG,1,9,0,0.00,6.00,si,DOMANDA_VIVA
986967533,XAMAMINA REFLUSSO 0-12 200ML,1,9,0,0.00,3.00,si,DOMANDA_VIVA
951064563,CERAVE PATCHES CONTROLLO IMPER,1,10,6,0.00,1.00,si,DOMANDA_VIVA
981045507,ISTANGIAL DREN 30CPR FILMATE,1,11,0,0.00,7.00,si,DOMANDA_VIVA
920368723,ONETOUCH VERIO GLICEMIA 25STR,1,13,0,0.00,16.00,si,DOMANDA_VIVA
986152217,ALOEMINERAL VISO 150ML,1,8,0,0.00,0,si,MORTO_vero
905127864,VITGASE DETERGENTE 200ML,1,12,0,0.00,5.00,si,DOMANDA_VIVA
947147827,FOTOULTRA100 SPOT PREVENT COL,1,99,0,0.00,4.00,si,DOMANDA_VIVA
987317955,APROPOS MAGNESIO/POTASSIO S/ZU,1,15,0,0.00,0,si,MORTO_vero
973662137,FERRO OLIMENTOVIS 200ML,1,7,0,0.00,2.00,si,DOMANDA_VIVA
924167354,VENAMIR CREMA 100ML,1,5,0,0.00,5.00,si,DOMANDA_VIVA
932707565,ACCU-CHEK AVIVA 25STR,1,13,0,0.00,1.00,si,DOMANDA_VIVA
900761711,REV KERATIN SHAMPOO 250ML,1,6,0,0.00,0,si,MORTO_vero
981047196,ISIDE HPV 14OV,1,12,0,0.00,1.00,si,DOMANDA_VIVA
025319043,NEOOPTALIDON*8CPR RIV,1,11,0,0.00,2.00,si,DOMANDA_VIVA
985778253,CITICOLINA PURA 125PAST,1,6,0,0.00,1.00,si,DOMANDA_VIVA
945015143,CALEMA NIGHT 30CPS MOLLI,1,4,0,0.00,3.00,si,DOMANDA_VIVA
974887743,NUTRIVA VEGAN B12 60CPR 1000MC,1,99,0,0.00,2.00,si,DOMANDA_VIVA
976329387,EMOFORM DENT FORTE CREMA ADES,1,4,10,0.00,2.00,si,DOMANDA_VIVA
975524240,XIOGLICAN GEL 50G,1,7,3,0.00,3.00,si,DOMANDA_VIVA
980770325,GIBAUD ORTHO LOMBOGIB LADY21 4,1,10,5,0.00,0,si,MAGAZZINO_domanda90g
976864443,OMNI BIOTIC 10 AAD 30BUST,1,8,0,0.00,2.00,si,DOMANDA_VIVA
025647049,TROSYD*EMULS CUT 30G 1%,1,12,0,0.00,1.00,si,DOMANDA_VIVA
976828311,HALIBORANGE VIT D3 20000 UI8ML,1,10,0,0.00,1.00,si,DOMANDA_VIVA
942845607,LIVEDREN CREMA 200ML,1,5,0,0.00,8.00,si,DOMANDA_VIVA
037291097,CAREXIDIL*3FL SOLUZ CUT 60ML2%,1,11,0,0.00,1.00,si,DOMANDA_VIVA
024428195,MUCOSOLVAN*20PASTL 15MG,1,2,12,0.00,1.00,si,DOMANDA_VIVA
946503341,MYCLI C RECHARGE CONT OCCHI,1,1,3,0.00,0,si,GIA_POSIZIONATO_top5
025982202,FALVIN*2CPS VAG MOLLI 1000MG,1,7,0,0.00,0,si,MORTO_vero
985713787,PURONERV DOL 60CPS,1,6,0,0.00,3.00,si,DOMANDA_VIVA
980248987,COLASIL 30CPS,1,12,0,0.00,4.00,si,DOMANDA_VIVA
980917177,KEYLIFE DETOX DONNA,1,1,3,0.00,0,si,GIA_POSIZIONATO_top5
977021260,AMUCHINA 10% SPRAY CUTE 200ML,1,99,0,0.00,0,si,MORTO_vero
986179517,DAONIX 60CPS,1,8,0,0.00,4.00,si,DOMANDA_VIVA
974652772,ETILE CLORURO SPRAY 175ML,1,10,0,0.00,1.00,si,DOMANDA_VIVA
932719267,OMEPURE 1000 TG 90PRL,1,4,0,0.00,2.00,si,DOMANDA_VIVA
974058051,ECLADERM CREMA CANOVA 50ML,1,4,0,0.00,1.00,si,DOMANDA_VIVA
027244072,FLOMAX*OS GRAT 20BUST 350MG,1,9,85,5.00,3.00,si,DOMANDA_VIVA
908224266,LONGLIFE LIPOTROPIC 60TAV RIV,1,4,0,0.00,1.00,si,DOMANDA_VIVA
972260590,EMORSAN RAG 2 TUBI 30+30ML,1,11,0,4.00,6.00,si,DOMANDA_VIVA
950038481,DERMOVITAMINA ONICOMICOS PATCH,1,3,10,2.00,2.00,si,DOMANDA_VIVA
932713605,ACIDO IALURONICO CONT OCCHI,1,9,0,0.00,0,si,MORTO_vero
950060689,ADIPOL 30BUST,1,8,0,0.00,4.00,si,DOMANDA_VIVA
972288171,VITASTICK PASTA 15G,1,5,0,0.00,0,si,GIA_POSIZIONATO_top5
934509795,MATT PHARMA SENNA ATTIVA 40CPR,1,2,0,0.00,3.00,si,DOMANDA_VIVA
943795726,MECLON IDRA EMULGEL 7MONOD 5ML,1,5,11,0.00,1.00,si,DOMANDA_VIVA
934638139,ALKAGIN DET INT LEN ALC 400ML,1,8,0,0.00,4.00,si,DOMANDA_VIVA
985323029,PLUSGAR 30CPR,1,11,0,0.00,10.00,si,DOMANDA_VIVA
933060790,VITIS ORTHO DENTIFRICIO 100ML,1,1,6,0.00,3.00,si,DOMANDA_VIVA
902965591,SAUGELLA LAVANDA VAG 140ML 4FL,1,99,0,0.00,0,si,MORTO_vero
935784001,DDM FERRO 30CPR,1,8,0,0.00,0,si,MORTO_vero
029278013,"KETOFTIL*COLL FL 10ML 0,5MG/ML",1,2,4,2.00,0,si,DOMANDA_VIVA
973204593,FERROLIP 20BUST OROSOLUBILI,1,99,0,0.00,3.00,si,DOMANDA_VIVA
033656416,ENANTYUM*10BS SOLUZ 25MG 10ML,1,4,21,0.00,2.00,si,DOMANDA_VIVA
951028707,CRIPTOGEL GEL UNGUEALE 10ML,1,8,0,0.00,0,si,MORTO_vero
971047826,HAIRGEN SPRAY ANTICADUTA 125ML,1,7,0,0.00,0,si,MORTO_vero
979399870,LFP MUCOFLU SPRAY 30ML,1,6,11,0.00,3.00,si,DOMANDA_VIVA
042045017,MIOTENS CONTRATTURE E DOL*SCH,1,4,41,26.00,6.00,si,DOMANDA_VIVA
987400886,ANTHELIOS POST UV EXPOSUR400ML,1,6,9,12.00,3.00,si,DOMANDA_VIVA
004758025,PURSENNID*40CPR RIV 12MG,1,7,68,62.00,51.00,si,DOMANDA_VIVA
931855757,CREMA BARRIERA STOMIA 60G,1,6,0,0.00,0,si,MORTO_vero
972594182,PIC MISUR PRES MOBILERAPID,1,99,0,0.00,0,si,MORTO_vero
931669523,BUONA ENERGIA ORO 10FL 10ML,1,13,0,0.00,1.00,si,DOMANDA_VIVA
930184650,RIBES NERO CONCEN TOTALE 50OPR,1,13,0,0.00,0,si,MORTO_vero
951340557,FISSAN LA PASTA A/PROT 150G NF,1,5,0,20.00,29.00,si,DOMANDA_VIVA
982406934,PUROFLOG SOLUZIONE OFT 20FL,1,3,0,0.00,9.00,si,DOMANDA_VIVA
934638228,RILASTIL ELASTIC OLIO 130ML,1,99,0,0.00,5.00,si,DOMANDA_VIVA
944912512,CURAFLUX RAPID SOSP 30BUST,1,17,12,8.00,6.00,si,DOMANDA_VIVA
989634516,L'ANGELICA TISANA DRENA 20FILT,1,5,0,0.00,1.00,si,DOMANDA_VIVA
977632025,FICUS CARICA BOIRON MG 60ML,1,18,0,0.00,1.00,si,DOMANDA_VIVA
976336952,OMEGOR VITALITY 1000 90CPS,1,11,0,0.00,30.00,si,DOMANDA_VIVA
949645358,VITI INTIMO LENITIVO CALENDULA,1,99,16,0.00,0,si,MAGAZZINO_domanda90g
989691124,SENSODYNE EP DOPPIA AZ DENTIF,1,4,6,0.00,0,si,GIA_POSIZIONATO_top5
951064524,CERAVE SKIN RENEWING SIERO VIT,1,5,4,0.00,1.00,si,DOMANDA_VIVA
943796110,LUXFLUIRES SPRAY NASALE 20ML,1,99,0,0.00,0,si,MORTO_vero
938602570,AGEDIN SIERO IDROTENSORE 30ML,1,8,0,0.00,0,si,MORTO_vero
900351255,STRESS STOP GTT 30ML,1,8,3,0.00,1.00,si,DOMANDA_VIVA
973178813,ERA MGK D3 20BUST,1,7,0,0.00,1.00,si,DOMANDA_VIVA
983361700,GIBAUD ORTHO MANUGIB QUER DX 2,1,11,3,0.00,0,si,MAGAZZINO_domanda90g
924880786,ERBADONNA CICLO 24CPR,1,10,0,0.00,0,si,MORTO_vero
933541916,MELASIN FORTE 1MG 30CPR,1,10,0,0.00,2.00,si,DOMANDA_VIVA
908188978,GIBAUD CAVIGL CALZINO CAMEL 3,1,3,1,1.00,1.00,si,DOMANDA_VIVA
908223997,LONGLIFE C 500 TR 60TAV RIVEST,1,99,0,0.00,0,si,MORTO_vero
950059788,TIAL D DETERGENTE 250ML,1,3,0,0.00,0,si,GIA_POSIZIONATO_top5
970970947,BARIESUN BALS DOPOSOLE 500ML,1,4,0,0.00,1.00,si,DOMANDA_VIVA
935258537,LARIMUCIL TOSSE ADULTI SCIR,1,9,0,0.00,0,si,MORTO_vero
940884671,BIOLIFTAN EYE CONTOUR CR 15ML,1,9,0,0.00,3.00,si,DOMANDA_VIVA
987801990,GASTROTAXIL 50ML,1,7,0,0.00,2.00,si,DOMANDA_VIVA
930617600,RELAXMAP 60CPR,1,10,0,0.00,30.00,si,DOMANDA_VIVA
924305129,MAC10 60CPS,1,7,0,0.00,2.00,si,DOMANDA_VIVA
909468112,AESCULUS COMP 30ML GTT HEEL,1,7,0,0.00,0,si,MORTO_vero
986486088,UROIAL PLUS 14BUST,1,16,0,16.00,16.00,si,DOMANDA_VIVA
947260535,VITFORMULA ACEROLA 30STICK,1,14,0,0.00,1.00,si,DOMANDA_VIVA
924587266,PSYLLIUM FIBRA GEL 20BUST,1,99,0,0.00,1.00,si,DOMANDA_VIVA
931645636,HELIOCARE ULTRA-D 30CPS,1,14,0,0.00,5.00,si,DOMANDA_VIVA
987405139,REUFLOR ELLE 15STICK,1,10,0,0.00,1.00,si,DOMANDA_VIVA
020708069,MYLICON*BB OS GTT 30ML,1,7,18,9.00,1.00,si,DOMANDA_VIVA
906791660,SERANS DISTENSIVO 20CPR,1,99,0,5.00,4.00,si,DOMANDA_VIVA
938058118,VIDERMINA GEL INT MONOD 6F 5ML,1,15,0,0.00,0,si,MORTO_vero
941972236,INOFOLIC HP 20BUST,1,11,0,0.00,8.00,si,DOMANDA_VIVA
924297930,IPPOCASTANO LIQ ANAL GEMMO 10+,1,6,0,0.00,4.00,si,DOMANDA_VIVA
976014668,SYNOQUIN EFA M BREED 30CPR,1,9,0,0.00,0,si,MORTO_vero
907123350,SANODET DETERGENTE DERMAT,1,8,0,0.00,0,si,MORTO_vero
950966198,URGO UNGHIE FRAGILI 2ML,1,7,0,0.00,0,si,MORTO_vero
905516720,AVEC EMULSIONE FLUIDA LEN200ML,1,12,0,0.00,1.00,si,DOMANDA_VIVA
947256804,FUSION WATER COLOR LIGHT 50ML,1,8,0,0.00,0,si,MORTO_vero
982754297,COLESTEROL ACT PLUS FORTE60CPR,1,1,43,24.00,18.00,si,DOMANDA_VIVA
935973521,THD CREAM EMORROIDI 30ML,1,7,0,0.00,5.00,si,DOMANDA_VIVA
971952609,GLOBINAX 30CPS,1,11,0,0.00,0,si,MORTO_vero
970701381,BRAVA SALVIETTE DET 15PZ,1,5,0,0.00,22.00,si,DOMANDA_VIVA
978305555,OVERLUZ 60PRL,1,5,0,0.00,5.00,si,DOMANDA_VIVA
935780585,CLARUBIN 20BUST,1,5,0,0.00,0,si,GIA_POSIZIONATO_top5
970929675,MIGLIOCRES SHAMPOO RIEQ BIPACK,1,8,11,0.00,1.00,si,DOMANDA_VIVA
987317031,OCULVET GOCCE 10ML,1,9,0,0.00,0,si,MORTO_vero
981346556,OMNI BIOTIC STRESS VIT B14BUST,1,10,0,0.00,0,no,MORTO_vero
980294514,RESOURCE AQUA+ORANGE 4X125G,1,14,0,0.00,0,no,MORTO_vero
902877036,SOLETTA MORBIDA SIL5406 L OPPO,1,4,0,0.00,0,no,GIA_POSIZIONATO_top5
978862439,AVEENO BAGNO DOCC VAN&AVE300ML,1,12,0,0.00,0,no,MORTO_vero
927099933,SENSURA MIO CL URO MA 15-33,1,6,0,0.00,0,no,MORTO_vero
934711351,SACCA URINA GAMBA 750ML SCAR,1,3,0,0.00,0,no,GIA_POSIZIONATO_top5
923211674,B-APPORT PLUS FLUIDO 200ML,1,99,0,0.00,0,no,MORTO_vero
939493488,ALIATOP CREMA 100ML,1,99,0,0.00,0,no,MORTO_vero
980340261,CH NUOVO MINI ASCIUGACAPELLI,1,99,0,0.00,0,no,MORTO_vero
984592384,MICROSTAX 30CPR,1,99,0,0.00,0,no,MORTO_vero
912534548,AIRCAST AIR-STIRRUP CAVIGL UNI,1,3,0,0.00,0,no,GIA_POSIZIONATO_top5
048813012,FEXALLEGRA*10CPR RIV 120MG,1,4,15,0.00,0,no,GIA_POSIZIONATO_top5
984622593,LFP CREMA DOPOPUNTURA 15ML,1,4,8,0.00,0,no,GIA_POSIZIONATO_top5
983679046,OLIO MANDORLE DOLCI PROF FIORI,1,7,0,0.00,0,no,MORTO_vero
902068586,GIBAUD ORTHO COLL CERV MORB B1,1,8,4,0.00,0,no,MAGAZZINO_senza_domanda
977962226,GIBAUD ORTHO MALLEOCROSS CAV 1,1,1,1,0.00,0,no,GIA_POSIZIONATO_top5
987881846,DOLOMIA OSX 24 08 SMALTO,1,1,12,0.00,0,no,GIA_POSIZIONATO_top5
978598389,MEDI 14 COLL-XL NAT 4 7005XL,1,1,3,0.00,0,no,GIA_POSIZIONATO_top5
989408442,LFP SOLUZIONE MICELLARE 200ML,1,2,7,0.00,0,no,GIA_POSIZIONATO_top5
038370019,BREXIDOL UNIDIE*4CER MED 14MG,1,10,4,0.00,0,no,MAGAZZINO_senza_domanda
922948411,KAMILA GAMB BAS EASY 140D NE 4,1,1,4,0.00,0,no,GIA_POSIZIONATO_top5
909462311,RECKEWEG R18 GOCCE 22ML,1,7,0,0.00,0,no,MORTO_vero
927300689,INTERPROX4G NANO BLISTER 6U 6L,1,1,3,0.00,0,no,GIA_POSIZIONATO_top5
947428064,IAP PHARMA 32+ EDP D 150ML,1,4,3,0.00,0,no,GIA_POSIZIONATO_top5
989322072,ELAGE OLIO DETERGENTE 100ML,1,9,0,0.00,0,no,MORTO_vero
976006458,PLUSOL CREMA SOLARE SPF50 50ML,1,99,0,0.00,0,no,MORTO_vero
972525226,GIBAUD ORTHO INTELLISLING 30 2,1,2,0,0.00,0,no,GIA_POSIZIONATO_top5
972269738,RITMOLAX FLUIDO CONCENTRA200ML,1,7,0,0.00,0,no,MORTO_vero
986480364,VASOTONIK EMULGEL 150ML,1,7,0,0.00,0,no,MORTO_vero
930864879,SCIROPPO BALSAMICO EUCALIPTO,1,9,0,0.00,0,no,MORTO_vero
909728711,MAN SUPPORT 18 GAMB 18 ANTR 2,1,8,0,0.00,0,no,MORTO_vero
933933285,LIPVIS NATURE 40CPS,1,8,0,0.00,0,no,MORTO_vero
927171088,VITAFLOREX GOCCE 5ML,1,99,0,0.00,0,no,MORTO_vero
908922370,SEDILE VASCA BAGNO,1,99,0,0.00,0,no,MORTO_vero
904744873,LFP GEL ACIDO IALUR 40% 50ML,1,5,8,0.00,0,no,GIA_POSIZIONATO_top5
050375245,ACONITUM NAPELLUS DYN*30CH GR,1,2,5,0.00,0,no,GIA_POSIZIONATO_top5
944828666,CARE FOR YOU GOCCE OCULARI15ML,1,7,0,0.00,0,no,MORTO_vero
912940879,PROSTAFORCE 60CPS VOGEL,1,5,0,0.00,0,no,GIA_POSIZIONATO_top5
989666540,DUALSAN SLIP U CONTENIT GRI 4,1,5,2,0.00,0,no,GIA_POSIZIONATO_top5
989401106,FILD MORE EMULGEL EXTRA STIMOL,1,8,0,0.00,0,no,MORTO_vero
930923634,ACTITUSS SCIROPPO 140ML,1,99,0,0.00,0,no,MORTO_vero
984785105,NICO H MASCHERA CAPELLI 200ML,1,5,0,0.00,0,no,GIA_POSIZIONATO_top5
984462150,HIPP BIO CREMA CRL FARRO 200G,1,99,0,0.00,0,no,MORTO_vero
950407534,MOONILA COLLANA ARGENTO PSYCHE,1,1,4,0.00,0,no,GIA_POSIZIONATO_top5
900146073,EVASEN DISCH RAGADI SENO 60PZ,1,9,0,0.00,0,no,MORTO_vero
046058018,EVANTE*1CPR RIV 30MG,1,9,0,0.00,0,no,MORTO_vero
984950319,LFP SOL CREMA VISO COL 50+,1,1,7,0.00,0,no,GIA_POSIZIONATO_top5
981377221,BALSAMO CAPEZZOLI 25G,1,99,0,0.00,0,no,MORTO_vero
923745970,KAMILA AUTOR UP EASY 70D PLA 3,1,1,5,0.00,0,no,GIA_POSIZIONATO_top5
908188954,GIBAUD CAVIGL CALZINO CAMEL 1,1,4,2,0.00,0,no,GIA_POSIZIONATO_top5
986860601,TENA SILHOUETTE P WHITE L 10PZ,1,99,0,0.00,0,no,MORTO_vero
902468267,SPEEDICATH D CH14 30PZ 28514,1,9,0,0.00,0,no,MORTO_vero
987289307,BAKEL SUPER ACT WATER 150ML,1,1,2,0.00,0,no,GIA_POSIZIONATO_top5
931988481,MEDS PORE MEDIC PUR 10X12CM5PZ,1,5,0,0.00,0,no,GIA_POSIZIONATO_top5
980430906,APROPOS SEDITUSS SPR AD/BB,1,1,21,0.00,0,no,GIA_POSIZIONATO_top5
971347606,GEHWOL CUSC CALCAGNO L PAIO,1,4,0,0.00,0,no,GIA_POSIZIONATO_top5
979214905,TENA MEN PREM FIT LIV4 L/XL 8P,1,4,7,0.00,0,no,GIA_POSIZIONATO_top5
943247965,ORPHEA FOGLIETTI LAVANDA DISPL,1,5,0,0.00,0,no,GIA_POSIZIONATO_top5
905042192,PROVITA INTEGRATORE 50CPS,1,9,0,0.00,0,no,MORTO_vero
981369554,COLON 20BUST,1,6,0,0.00,0,no,MORTO_vero
906244431,MEDI ANTITROMBO H914 AG L,1,3,6,0.00,0,no,GIA_POSIZIONATO_top5
987881859,DOLOMIA OSX 24 09 SMALTO,1,1,6,0.00,0,no,GIA_POSIZIONATO_top5
927117729,CH GIOCO PANNELLO TRAMONTO R,1,4,0,0.00,0,no,GIA_POSIZIONATO_top5
933081515,PHYSIC LEVEL 5 CERVICAL 30CPR,1,5,0,0.00,0,no,GIA_POSIZIONATO_top5
909061297,ORTOPAD CER REGULAR 20PZ,1,99,0,0.00,0,no,MORTO_vero
985581204,LFP SALVIETTE OCULARI 24PZ,1,2,21,0.00,0,no,GIA_POSIZIONATO_top5
923550418,BRAUN PRT1000 TERMOMETRO DIGIT,1,5,23,0.00,0,no,GIA_POSIZIONATO_top5
980833913,DOLOMIA MU OMBRETTO 05 MONO,1,1,4,0.00,0,no,GIA_POSIZIONATO_top5
985593882,FITOSTIMOLINE PLUS GARZE ADV5P,1,11,0,0.00,0,no,MORTO_vero
904092222,ORIONE OK PED G100 SEPAR ALL L,1,99,0,0.00,0,no,MORTO_vero
988830814,AMINO ROSETTE 4X50G,1,11,7,0.00,0,no,MAGAZZINO_senza_domanda
971096452,COMFEEL PLUS 20X20 5PZ,1,7,0,0.00,0,no,MORTO_vero
950088601,DOLOMIA MU OSE 25 BLUSH01 COR,1,1,3,0.00,0,no,GIA_POSIZIONATO_top5
902015888,MELLIN PAPPA COMPL POLLO2X250G,1,99,0,0.00,0,no,MORTO_vero
930048107,STERI-STRIP CER 3X75MM 10PZ,1,8,0,0.00,0,no,MORTO_vero
907315790,SANODET INTIMO DET GINECOLOG,1,9,0,0.00,0,no,MORTO_vero
900520091,FORBICI RETTA PUNTA TONDA 14CM,1,3,0,0.00,0,no,GIA_POSIZIONATO_top5
902299155,DUALSAN GAMB TERAP K1 PA BEI 3,1,6,3,0.00,0,no,MAGAZZINO_senza_domanda
936065604,NUTRIREGULAR FLORA 10FL 8ML,1,5,0,0.00,0,no,GIA_POSIZIONATO_top5
980462713,IALUGEN GOCCE OCULARI 10ML,1,7,38,0.00,0,no,MAGAZZINO_senza_domanda
949503395,BRAINSTRESS PLUS 30CPR,1,3,0,0.00,0,no,GIA_POSIZIONATO_top5
988897409,NEUTROGENA PROMO HYDRO LTT+SIE,1,2,3,0.00,0,no,GIA_POSIZIONATO_top5
990040990,VITA ACT MULTIVIT 20CPR EFFERV,1,1,12,0.00,0,no,GIA_POSIZIONATO_top5
909773234,HOMEOBRITE DENTIF CLOROFILLA,1,99,0,0.00,0,no,MORTO_vero
927493039,TENA WET WASH GLOVE 8PZ,1,99,0,0.00,0,no,MORTO_vero
951091901,EUCERIN DC FLUIDO OPACIZZ 40ML,1,9,9,0.00,0,no,MAGAZZINO_senza_domanda
041512029,LISOMUCIL GOLA*OS SPRAY 15ML,1,99,0,0.00,0,no,MORTO_vero
920177817,ANSIA INQUIETUDINE APPREN 30CA,1,99,0,0.00,0,no,MORTO_vero
930503723,ACILIP 600 INTEGRAT 20CPR,1,5,0,0.00,0,no,GIA_POSIZIONATO_top5
984787996,MELATONINA ACT +CAMOMIL 30BUST,1,1,35,0.00,0,no,GIA_POSIZIONATO_top5
939563526,MY SNACK SALATINI 70G,1,9,0,0.00,0,no,MORTO_vero
971970239,GAMMADIS GUANTI LATT S/POLV S,1,3,0,0.00,0,no,GIA_POSIZIONATO_top5
984330441,ONCE A DAY 30CPS INTOLERAN,1,99,0,0.00,0,no,MORTO_vero
922373117,VACCINIUM VITIS IDAEA BIO 50ML,1,6,0,0.00,0,no,MORTO_vero
906355425,UVA URSINA ESTRATTO T 30ML,1,99,0,0.00,0,no,MORTO_vero
023475080,ACETAMOL*BB 10SUPP 250MG,1,2,6,0.00,0,no,GIA_POSIZIONATO_top5
983040546,ERISIMO 60CPS,1,9,0,0.00,0,no,MORTO_vero
908960558,SAUGELLA SOLIDO ZOLFO 100G,1,6,3,0.00,0,no,MAGAZZINO_senza_domanda
971090434,Q-ON STIMOLATORE MAGNETICO,1,3,0,0.00,0,no,GIA_POSIZIONATO_top5
908012659,CARMELITANI SCALZI AC MEL 50ML,1,99,0,0.00,0,no,MORTO_vero
974989028,BIONAIF PLANTARE ATT RELA34-38,1,5,0,0.00,0,no,GIA_POSIZIONATO_top5
975414069,GIBAUD GINOCCHIERA EL BLU 1,1,1,2,0.00,0,no,GIA_POSIZIONATO_top5
986895480,EKEEP H3 MALLEOKEEP CAVIGL 4,1,4,2,0.00,0,no,GIA_POSIZIONATO_top5
913175598,"LEUKOTAPE K TAPING 2,5X500 BLU",1,7,0,0.00,0,no,MORTO_vero
976785562,OMNI BIOTIC 6 7BUST,1,12,0,0.00,0,no,MORTO_vero
901292146,MIRTILLO BACCHE 60CPS,1,99,0,0.00,0,no,MORTO_vero
909462754,RECKEWEG R64 GOCCE 22ML,1,9,0,0.00,0,no,MORTO_vero
972516835,SUCCO 100% MELA ARA CAR LIM,1,99,0,0.00,0,no,MORTO_vero
034740035,NEOBOROCIL FLUID TOS*SCIR200ML,1,1,23,0.00,0,no,GIA_POSIZIONATO_top5
975972946,GIBAUD ORTHO ACT H35 CORS LS 1,1,5,0,0.00,0,no,GIA_POSIZIONATO_top5
935057392,"BIOKAP NUTRIC 7,4 BIO RAMATO",1,99,0,0.00,0,no,MORTO_vero
978940171,LFP ATTIVO MANDELICO 20ML,1,2,3,0.00,0,no,GIA_POSIZIONATO_top5
970154643,MODASANA 140 AD PU/A NATURE 3,1,6,0,0.00,0,no,MORTO_vero
909916987,SALVAGESSO GAMBA 6PZ BUST,1,7,3,0.00,0,no,MAGAZZINO_senza_domanda
941617538,ACCU-FINE AGO G31 8MM 100PZ,1,99,0,0.00,0,no,MORTO_vero
970449334,TENA WASH MOUSSE 400ML,1,8,0,0.00,0,no,MORTO_vero
911178059,SERENOA 100ML TM,1,3,0,0.00,0,no,GIA_POSIZIONATO_top5
987750712,LFP SOL SPRAY FRESCO 50+ 150ML,1,1,21,0.00,0,no,GIA_POSIZIONATO_top5
949976866,PRONTEX SOFT PAD MEDIC 10X8,1,3,0,0.00,0,no,GIA_POSIZIONATO_top5
903052138,OLIGOLITO OSTEUM 20F 2ML,1,8,0,0.00,0,no,MORTO_vero
905318895,PLAKKONTROL 30GG COLLUTORIO,1,1,3,0.00,0,no,GIA_POSIZIONATO_top5
901218343,CLOREXYDERM SHAMPOO FORTE200ML,1,99,0,0.00,0,no,MORTO_vero
985621349,MUSTELA STELATOPIA+ CREMA150ML,1,99,0,0.00,0,no,MORTO_vero
987853494,SPACE UP NASTRO TRASPARENTE,1,2,4,0.00,0,no,GIA_POSIZIONATO_top5
971169976,SAUBER COL 140 LIS NE 3,1,99,6,0.00,0,no,MAGAZZINO_senza_domanda
949886788,MYCLI C RECHARGE SIERO 15ML,1,1,10,0.00,0,no,GIA_POSIZIONATO_top5
902170149,SCHAR MIX B PREP PANE 1KG+20G,1,99,0,0.00,0,no,MORTO_vero
972059796,FLOCARE SACCA C/DEFLUS 2L INF,1,3,0,0.00,0,no,GIA_POSIZIONATO_top5
940386434,LONGLIFE SAMBUCO FORTE 60CPS,1,99,0,0.00,0,no,MORTO_vero
925943565,VIRAFER NEO 200ML,1,99,0,0.00,0,no,MORTO_vero
986466377,PROBIOS MAGIC PILLOW EX DARK,1,99,0,0.00,0,no,MORTO_vero
932519186,CISTIGELAR DUO 24CPS,1,99,0,0.00,0,no,MORTO_vero
912312129,LIEVITO ALIMEN FIOCCHI 200G,1,99,0,0.00,0,no,MORTO_vero
901335404,MAN SUPPORT 18 GAMB 18 NE 2,1,10,0,0.00,0,no,MORTO_vero
913213740,SKINSAN AKNE CR 30ML,1,3,0,0.00,0,no,GIA_POSIZIONATO_top5
976307948,REABILAX 16BUST,1,99,0,0.00,0,no,MORTO_vero
906989138,FOLINGRAV 60CPR,1,8,0,0.00,0,no,MORTO_vero
908169333,ELEUTEROCOCCO 20STICK 10ML,1,99,0,0.00,0,no,MORTO_vero
908740739,NOKSAN PARACALLI 9PZ,1,4,0,0.00,0,no,GIA_POSIZIONATO_top5
987864194,DURACELL EASY TAB 675 BLU,1,99,0,0.00,0,no,MORTO_vero
944959257,PRINCIPIUM COMPLESSO B FT24CPS,1,99,0,0.00,0,no,MORTO_vero
984862324,PROBIOS BIO CRISPY 3CE MUESLI,1,3,0,0.00,0,no,GIA_POSIZIONATO_top5
984733648,BAKEL NUTRI-REMEDY CASE&REFILL,1,1,3,0.00,0,no,GIA_POSIZIONATO_top5
986478713,DIGEST EV ENZYME 30CPR,1,99,0,0.00,0,no,MORTO_vero
986709184,LFP ATTIVO NIACINAMIDE 20ML,1,5,5,0.00,0,no,GIA_POSIZIONATO_top5
971748429,NUCRON PASTA 15G,1,6,0,0.00,0,no,MORTO_vero
908188927,GIBAUD CAVIGL INCROC TAGLIA 8,1,2,1,0.00,0,no,GIA_POSIZIONATO_top5
950457820,BILANCIA BABY DIGITAL MEDIFIT,1,8,0,0.00,0,no,MORTO_vero
906561966,EDERA OLIO MASSAGGIO 250ML,1,10,0,0.00,0,no,MORTO_vero
983784024,CLIVON CIST 20CPS,1,2,0,0.00,0,no,GIA_POSIZIONATO_top5
985827791,ECZEANE OLIO DETERGENTE 1L,1,6,0,0.00,0,no,MORTO_vero
983356496,"TRICOLOR CLASSIC 5,3 CACAO",1,11,0,0.00,0,no,MORTO_vero
981510112,ASHWAGANDHA BIO 60CPS,1,4,0,0.00,0,no,GIA_POSIZIONATO_top5
909492528,GIBAUD ORTHO COLL CERV MORB M1,1,9,2,0.00,0,no,MAGAZZINO_senza_domanda
984867325,BAKEL RELIEF-THER CASE&REFILL,1,1,1,0.00,0,no,GIA_POSIZIONATO_top5
935057366,"BIOKAP NUTRIC 7,0 BIO MEDIO",1,99,0,0.00,0,no,MORTO_vero
984780128,PROMODERM ACNE 400ML,1,99,0,0.00,0,no,MORTO_vero
985985593,GUSTO APROTEICO MACCHERONI RIG,1,5,0,0.00,0,no,GIA_POSIZIONATO_top5
981391182,KLORANE CREMA DOCCIA FIORE CUP,1,10,0,0.00,0,no,MORTO_vero
970451124,OCTILIA LACRIMA 10ML,1,12,0,0.00,0,no,MORTO_vero
989406741,INTERPROX PLUS 2G SUPERCONIC4P,1,9,0,0.00,0,no,MORTO_vero
947153971,BALNEUM BASIS OLIO BAGNO 500ML,1,4,0,0.00,0,no,GIA_POSIZIONATO_top5
982177937,DOLOMIA MU FOND 33 COL IDEA,1,4,3,0.00,0,no,GIA_POSIZIONATO_top5
944162357,NOVA SANIGEL ACTIVE MANI 400ML,1,1,497,0.00,0,no,GIA_POSIZIONATO_top5
925379190,SLIPPERS VALENTINE MOUSE,1,7,0,0.00,0,no,MORTO_vero
927254591,MISURATORE PRESSIONE DS-11,1,10,0,0.00,0,no,MORTO_vero
932178395,INTERPROX PLUS SUPERMICRO 6PZ,1,1,6,1.00,0,no,DOMANDA_VIVA
910069564,COLLARE ELISABETTA CLASS 40CM,1,4,0,0.00,0,no,GIA_POSIZIONATO_top5
908395027,ENERGEN 9 PLUS 10FL 10ML,1,99,0,0.00,0,no,MORTO_vero
985495199,LIFTACTIV R SERUM 30ML,1,1,6,0.00,0,no,GIA_POSIZIONATO_top5
925633048,PERSONAL TEST PIC 1PZ,1,1,27,0.00,0,no,GIA_POSIZIONATO_top5
908494432,GIBAUD CAVIGL CALZINO SOT COT1,1,6,1,0.00,0,no,MAGAZZINO_senza_domanda
902270697,NORMON K CR BARR MANI 75ML,1,6,0,0.00,0,no,MORTO_vero
905508798,GIBAUD ORTHO REGGIBRACCIO NE 3,1,3,4,0.00,0,no,GIA_POSIZIONATO_top5
982821086,EKEEP N2 ELBOWKEEP ROM GOM DX,1,1,3,0.00,0,no,GIA_POSIZIONATO_top5
942314283,DICOSON GOCCE 25ML,1,9,0,0.00,0,no,MORTO_vero
930552942,GUAM DUO UOMO RIDUCENTE CR RIS,1,99,0,0.00,0,no,MORTO_vero
989353368,VIRGINIANA DEO FRESH 100ML,1,8,0,0.00,0,no,MORTO_vero
972525190,GIBAUD ORTHO INTELLISLING 15 1,1,5,0,0.00,0,no,GIA_POSIZIONATO_top5
031103029,ZOLFO E POT CARB NEW F*UNG 1KG,1,2,0,0.00,0,no,GIA_POSIZIONATO_top5
975354921,PROBACTIOL STIPS ITA 20BUST,1,8,0,0.00,0,no,MORTO_vero
903204131,EUPHIDRA SKIN REVEIL CR RID RI,1,99,0,0.00,0,no,MORTO_vero
950055436,CH CUCCHIAIO ANGOL 8M+ AZZ,1,5,0,0.00,0,no,GIA_POSIZIONATO_top5
905508711,GIBAUD ORTHO REGGIBRACCIO NE 1,1,3,4,0.00,0,no,GIA_POSIZIONATO_top5
900589666,NEO CRILOIDIN SHAMPOO DOLCE,1,4,0,0.00,0,no,GIA_POSIZIONATO_top5
938766526,GLUCOMEN AREO SENSOR STR 10PZ,1,9,0,0.00,0,no,MORTO_vero
972525188,GIBAUD ORTHO LOMBOGIB LADY26 5,1,12,4,0.00,0,no,MAGAZZINO_senza_domanda
931600631,STILVEN SMP 30CPR,1,6,0,0.00,0,no,MORTO_vero
905508697,GIBAUD ORTHO REGGIBRACCIO NE 0,1,1,1,0.00,0,no,GIA_POSIZIONATO_top5
942943097,MASSIGEN DOCCIAGEL TONIF,1,13,0,0.00,0,no,MORTO_vero
971337454,GASTRO ENZYME 30CPS VEGETALI,1,8,0,0.00,0,no,MORTO_vero
031066020,ICTAMMOLO NEW F*10% UNG 1000G,1,7,0,0.00,0,no,MORTO_vero
975427360,GIBAUD CLASSIC CINT POSTOP LE6,1,6,3,0.00,0,no,MAGAZZINO_senza_domanda
932217072,STEVIA EDULCOR 200CPR,1,99,0,0.00,0,no,MORTO_vero
983810666,FDC FRESELLE INTEGRALI MIN220G,1,99,0,0.00,0,no,MORTO_vero
902243474,SCUDOVARIS GAMB TROM M 4,1,1,0,0.00,0,no,GIA_POSIZIONATO_top5
989875505,CEF REIMAG BIPACCO 40STICKPACK,1,1,25,0.00,0,no,GIA_POSIZIONATO_top5
987879309,NUVENIA IW HEAVY HIPSTER BLK L,1,1,6,0.00,0,no,GIA_POSIZIONATO_top5
979016437,LFP ORALFLU GOLA 20CPR,1,3,10,0.00,0,no,GIA_POSIZIONATO_top5
950841712,CRIOCUT EMULSIONE 30ML,1,5,0,0.00,0,no,GIA_POSIZIONATO_top5
986497687,ANNURMETS HAIR BALSAMO 200ML,1,5,0,0.00,0,no,GIA_POSIZIONATO_top5
911157865,SAUBER COL 70 PREM MICR NBEI 5,1,10,0,0.00,0,no,MORTO_vero
900280037,BENPED DITA A MARTELLO SX GR 1,1,7,0,0.00,0,no,MORTO_vero
949886776,MYCLI ALFACALL SIERO 15ML,1,2,2,0.00,0,no,GIA_POSIZIONATO_top5
981070889,CICATRIOIL 5F 5ML,1,2,0,0.00,0,no,GIA_POSIZIONATO_top5
903887230,MAGNESIO MARINO 30BUST,1,99,0,0.00,0,no,MORTO_vero
903527176,BARKRIM CREMA BARRIERA 75ML,1,99,0,0.00,0,no,MORTO_vero
978845648,CARDO MAR 60CPR TERRANATA,1,5,0,0.00,0,no,GIA_POSIZIONATO_top5
979237118,"CONTROL NATURE 2,0 XL 6PZ",1,4,6,0.00,0,no,GIA_POSIZIONATO_top5
933162632,"CONTACTA DAILY LENS Y 30 -2,00",1,1,6,0.00,0,no,GIA_POSIZIONATO_top5
935093599,MILICE PIDOKO SPRAY PREVENTIVO,1,1,15,0.00,0,no,GIA_POSIZIONATO_top5
926830668,GEL ELETTROCONDUTTIVO 1000ML,1,99,0,0.00,0,no,MORTO_vero
983391297,EKEEP B3 SURGICAL BRA POST 06,1,3,1,0.00,0,no,GIA_POSIZIONATO_top5
975743081,"ERART 20BUSTE 4,8G",1,9,0,0.00,0,no,MORTO_vero
982178016,DOLOMIA MU FOND 44 OIL FREE,1,3,5,0.00,0,no,GIA_POSIZIONATO_top5
975201361,MULTIVITALEX 30CPR,1,10,0,0.00,0,no,MORTO_vero
046254013,GELSEMIUM COMPLEXE L70*1FL30ML,1,3,0,0.00,0,no,GIA_POSIZIONATO_top5
971088582,QUINOA REAL 400G,1,3,0,0.00,0,no,GIA_POSIZIONATO_top5
932348725,NASALIN SPRAY NASALE 20ML,1,9,0,0.00,0,no,MORTO_vero
904793609,PHYTOYAM 60CPS,1,99,0,0.00,0,no,MORTO_vero
983361623,GIBAUD ORTHO RHIZOGIB ORT SX 1,1,10,5,0.00,0,no,MAGAZZINO_senza_domanda
926045574,DEFENCE B-LUCENT A/MACCH SPF50,1,9,0,0.00,0,no,MORTO_vero
939434181,DUALSAN GAMB KKL1 NE P CH 2,1,1,3,0.00,0,no,GIA_POSIZIONATO_top5
987864170,DURACELL EASY TAB 13 ARANCIO,1,7,0,0.00,0,no,MORTO_vero
987670015,NORMADERM NO PEEL CLEANSE125ML,1,7,6,0.00,0,no,MAGAZZINO_senza_domanda
942860038,STAR OF BETHL ORIG 20ML,1,99,0,0.00,0,no,MORTO_vero
911173060,GALIUM 60ML TM,1,99,0,0.00,0,no,MORTO_vero
973293210,DETOX WHITE GOCCE 50ML,1,8,0,0.00,0,no,MORTO_vero
974088837,EKEEP K1 POSTURE KEEPER D BI 2,1,3,4,0.00,0,no,GIA_POSIZIONATO_top5
924289465,EUCERIN HYAL FILL VOL NTT 50ML,1,2,3,0.00,0,no,GIA_POSIZIONATO_top5
926022789,IAP PHARMA 9 DONNA 150ML,1,4,4,0.00,0,no,GIA_POSIZIONATO_top5
986971291,GIBAUD ORTHO ARTIGIB 3D GIN 3,1,4,4,0.00,0,no,GIA_POSIZIONATO_top5
986873394,ALGASIV PASTA ADESIVA PROMO,1,1,43,0.00,0,no,GIA_POSIZIONATO_top5
904718398,REHA 24 AREG MLU,1,99,0,0.00,0,no,MORTO_vero
933064471,AGO PENNA G31 5MM 100PZ,1,9,0,0.00,0,no,MORTO_vero
976785511,OMNI BIOTIC STRESS REPAIR 7BUS,1,8,0,0.00,0,no,MORTO_vero
983689187,CERAMOL BASE DETERSIVA 500ML,1,8,0,0.00,0,no,MORTO_vero
982752875,DUALSAN GAMB TERAP KKL1 RAL 3,1,5,1,0.00,0,no,GIA_POSIZIONATO_top5
904682984,GEHWOL BALS RISCALDANTE 75ML,1,9,0,0.00,0,no,MORTO_vero
984845038,SOFFISOF LADY CLASSIC SUPER15P,1,7,0,0.00,0,no,MORTO_vero
987881822,DOLOMIA OSX 24 06 SMALTO,1,1,3,0.00,0,no,GIA_POSIZIONATO_top5
982935316,FILORIN SPRAY NASALE IPER 3%,1,5,0,0.00,0,no,GIA_POSIZIONATO_top5
922948423,KAMILA GAMB BAS EASY 140D PLA4,1,1,8,0.00,0,no,GIA_POSIZIONATO_top5
926054127,MERIDOL WHITENING DENTIF 75ML,1,99,13,0.00,0,no,MAGAZZINO_senza_domanda
984515888,SCHOLL CER VESCICHE TALLONE,1,13,0,0.00,0,no,MORTO_vero
982447157,CH BM ACQUA PROFUMATA DEL100ML,1,99,0,0.00,0,no,MORTO_vero
986904516,GIBAUD FASCIA POSTOP CLA H30 3,1,7,0,0.00,0,no,MORTO_vero
989666526,DUALSAN SLIP U CONTENIT GRI 2,1,4,2,0.00,0,no,GIA_POSIZIONATO_top5
975067695,SEMI DI ZUCCA DECORTICATI 200G,1,7,0,0.00,0,no,MORTO_vero
984158307,DEPURLAX 12BUST,1,99,0,0.00,0,no,MORTO_vero
979810126,REV EFFACE ACQUA 100ML,1,4,0,0.00,0,no,GIA_POSIZIONATO_top5
902887140,CLIMASOL LIQUIDO 50ML,1,99,0,0.00,0,no,MORTO_vero
976335695,KALEIDON PROBIOTIC ACTIVE AGE,1,99,0,0.00,0,no,MORTO_vero
926858667,PURES MENTA PIPER OE BIO10ML,1,8,0,0.00,0,no,MORTO_vero
901570616,PLAKKONTROL 15 COLLUT SPR 50ML,1,8,0,0.00,0,no,MORTO_vero
902508530,DETOXIMAP 60CPR,1,5,0,0.00,0,no,GIA_POSIZIONATO_top5
989814470,NG HB NIACINAMIDE SIERO 30ML,1,99,5,0.00,0,no,MAGAZZINO_senza_domanda
985571278,TOLERIANE TEINT FLUIDO 14,1,1,3,0.00,0,no,GIA_POSIZIONATO_top5
925513893,DUALSAN CALZA A/TROMB S/TASS 3,1,1,6,0.00,0,no,GIA_POSIZIONATO_top5
985520978,EUCERIN HYAL FILL+EL MANI A/MA,1,2,3,0.00,0,no,GIA_POSIZIONATO_top5
908792409,M-AID ROLLTEX SKIN CER 5X5,1,99,0,0.00,0,no,MORTO_vero
988958070,PROFAR LADY/C TEST GRAVID 1PZ,1,8,12,0.00,0,no,MAGAZZINO_senza_domanda
935760619,EUMILL NASO BABY SPRAY 100ML,1,11,0,0.00,0,no,MORTO_vero
931950479,LONGLIFE OKG 100CPS,1,5,0,0.00,0,no,GIA_POSIZIONATO_top5
975025053,BIOCLIN BIO COLORIST 8,1,99,0,0.00,0,no,MORTO_vero
923786887,SAUBER CALZA U70 COT BLU S/M,1,3,6,0.00,0,no,GIA_POSIZIONATO_top5
981410121,LFP CREMA NOTTE OSMOTICA 50ML,1,1,3,0.00,0,no,GIA_POSIZIONATO_top5
982942258,HAIR VOLUME SHAMPOO 250ML,1,99,0,0.00,0,no,MORTO_vero
926988080,CER PIC CLASSIC STR 10X8CM 10P,1,99,0,0.00,0,no,MORTO_vero
970231991,EOS BOSWELLIA PH S 30CPR,1,99,0,0.00,0,no,MORTO_vero
987038294,BAKEL PEP TECH CASE&REFILL30ML,1,1,2,0.00,0,no,GIA_POSIZIONATO_top5
981443120,ARKOVITAL ACEROLA 1000 20CPR,1,7,0,0.00,0,no,MORTO_vero
933872739,RINOWASH KIT RICAMBIO,1,99,0,0.00,0,no,MORTO_vero
920014077,SOMNOLIS ANTIRUSSAMENTO 1PZ,1,5,0,0.00,0,no,GIA_POSIZIONATO_top5
904560428,QUILENE GEL 50ML,1,5,0,0.00,0,no,GIA_POSIZIONATO_top5
987327083,BAKEL BHA SOLUTION 50ML,1,1,1,0.00,0,no,GIA_POSIZIONATO_top5
985581040,"LFP GOCCE OCULARI 0,2% 10ML",1,3,15,0.00,0,no,GIA_POSIZIONATO_top5
982544316,CH GIOCO ALL AROUND ACQUAMARIN,1,7,0,0.00,0,no,MORTO_vero
927762587,BIOKERATIN ACH8 6/CF BION S CA,1,10,0,0.00,0,no,MORTO_vero
975448337,SCHAR SAVOIARDI 200G,1,99,0,0.00,0,no,MORTO_vero
903340863,BAYGON SCARAFAGGI/FORMICHE PLU,1,99,0,0.00,0,no,MORTO_vero
971682923,PARAOSSIMIX 60CPS 510MG,1,9,0,0.00,0,no,MORTO_vero
974036675,MIODOL 20CPR BLISTER 10G,1,9,0,0.00,0,no,MORTO_vero
944313081,DERMOLIVO DETERGENTE OLIO150ML,1,12,0,0.00,0,no,MORTO_vero
901312429,GIBAUD POLS RIGH BEI 6CM 3,1,3,5,0.00,0,no,GIA_POSIZIONATO_top5
988049829,ALTRAPELLE NUTRISKO DET 500ML,1,10,0,0.00,0,no,MORTO_vero
904090293,GENITAL DETERGENTE 200ML,1,9,0,0.00,0,no,MORTO_vero
029134018,PRIVITUSS*OS SOSP FL 200ML,1,3,15,0.00,0,no,GIA_POSIZIONATO_top5
931091680,BIOPULVER POLVERE 180G,1,4,0,0.00,0,no,GIA_POSIZIONATO_top5
950221135,BONAMI' PASTICCIOTTO CR NOCC,1,2,5,0.00,0,no,GIA_POSIZIONATO_top5
983674615,EXOMEGA SPRAY EMOLLIENTE 50ML,1,13,0,0.00,0,no,MORTO_vero
982454872,FORMULA D3 ORO 60CPR,1,7,0,0.00,0,no,MORTO_vero
974655401,ALGEM MANUKA MIKO LEN GEL 15ML,1,9,0,0.00,0,no,MORTO_vero
951318841,LFP PRO MOUSSE DETERGENTE 50ML,1,1,40,0.00,0,no,GIA_POSIZIONATO_top5
984891717,MEDIPRESTERIL TERMO ECOL CLASS,1,99,0,0.00,0,no,MORTO_vero
975427295,GIBAUD CLASSIC CINT POSTOP ST6,1,3,4,0.00,0,no,GIA_POSIZIONATO_top5
972691733,ALLUXCARE SEPARATORE DIVAR S,1,6,0,0.00,0,no,MORTO_vero
975997901,EKEEP B1 POSTURAL BRA 6,1,2,1,0.00,0,no,GIA_POSIZIONATO_top5
934638242,RILASTIL RE-SLEEP BALSAMO 50ML,1,10,0,0.00,0,no,MORTO_vero
923676290,HIPP TISANA CAMOMILLA 200G,1,8,0,0.00,0,no,MORTO_vero
902880083,NUTRA C 1000 60CPR,1,3,0,0.00,0,no,GIA_POSIZIONATO_top5
988827097,MASTER-AID STERIBLOCK TAMP EMO,1,3,0,0.00,0,no,GIA_POSIZIONATO_top5
908459074,GIBAUD ORTHO CINT LOMBAR STEC2,1,3,1,0.00,0,no,GIA_POSIZIONATO_top5
925329361,ALOEVERA2 ALOE OIL,1,10,0,0.00,0,no,MORTO_vero
925513905,DUALSAN CALZA A/TROMB S/TASS 4,1,1,5,0.00,0,no,GIA_POSIZIONATO_top5
902603442,EVITA UNGUENTO 30ML,1,8,0,0.00,0,no,MORTO_vero
903701720,DERMABLEND FLUIDO 15 30ML,1,99,0,0.00,0,no,MORTO_vero
905849865,GIBAUD ORTHO GENUGIB TUTORE,1,8,0,0.00,0,no,MORTO_vero
989666565,DUALSAN SLIP U CONTENIT GRI 6,1,2,1,0.00,0,no,GIA_POSIZIONATO_top5
926819158,SCREEN TEST TIROIDE/TSH,1,99,0,0.00,0,no,MORTO_vero
971744646,"SYALOSET PLUS SIR 1,5% 4ML",1,3,0,0.00,0,no,GIA_POSIZIONATO_top5
982823751,LFP ARGININA COLINA 10FL 15ML,1,5,6,0.00,0,no,GIA_POSIZIONATO_top5
900690090,OLIO DI GERME DI GRANO 200PRL,1,7,0,0.00,0,no,MORTO_vero
989896105,LITOPSOR GEL GENGIVALE 15ML,1,3,0,0.00,0,no,GIA_POSIZIONATO_top5
984789166,PHYTOCYANE FIALE D CAD TEMPOR,1,4,0,0.00,1.00,si,DOMANDA_VIVA
979806611,ASSENZIO ESTRATTO INTEGR 200ML,1,8,0,0.00,1.00,si,DOMANDA_VIVA
943507614,MYCLI HA PLAST PLURIATT 3 CR,1,4,15,0.00,0,si,GIA_POSIZIONATO_top5
982543985,GUM TRAV-LER SCOVOLINI 10PZ,1,99,0,0.00,3.00,si,DOMANDA_VIVA
950086076,EUCERIN SUN ACTINIC CONTROL NF,1,12,0,0.00,3.00,si,DOMANDA_VIVA
975453869,BIOREPAIR COLLUTORIO PROT GENG,1,14,0,0.00,6.00,si,DOMANDA_VIVA
005781048,MAGNESIA BISURATA AROM*80CPR,1,7,15,0.00,5.00,si,DOMANDA_VIVA
943257713,NOVA ENERGY+ 24BUST,1,13,0,0.00,0,si,MORTO_vero
984502993,VENADREM 30CPR,1,99,0,0.00,0,si,MORTO_vero
944160682,CHIROFERT ORO 30STICK PACK ORO,1,8,0,0.00,9.00,si,DOMANDA_VIVA
931770693,VISCRIN PLUS SH ANTIFORFORA,1,6,0,0.00,1.00,si,DOMANDA_VIVA
987418225,AQUAVIS SHAMPOO ANTICAD 150ML,1,99,0,0.00,1.00,si,DOMANDA_VIVA
978598821,FOOTCARE CORR VALGO NTT2PZ D10,1,6,0,0.00,0,si,MORTO_vero
908371267,SPACCAPIETRA 160CPR,1,99,0,0.00,0,si,MORTO_vero
926196054,ESOGEL 300ML,1,8,0,0.00,1.00,si,DOMANDA_VIVA
989234378,VITIS GENGIVE SANE DENTIF100ML,1,1,6,0.00,2.00,si,DOMANDA_VIVA
947271134,SIBEN SPRAY NASALE 30ML,1,3,4,0.00,0,si,GIA_POSIZIONATO_top5
984633519,DEAVOCADO CONCEIVE 30BUST NF,1,15,0,0.00,1.00,si,DOMANDA_VIVA
941577912,ENOXOFTAL SOLUZIONE OFTALMICA,1,6,0,0.00,1.00,si,DOMANDA_VIVA
984112591,CLOREXYDERM SOL 4% 200ML,1,11,0,0.00,1.00,si,DOMANDA_VIVA
926511698,FIBROSIL 30CPR,1,7,0,0.00,2.00,si,DOMANDA_VIVA
974012674,NEOBIANACID 14CPR MASTICABILI,1,32,0,0.00,1.00,si,DOMANDA_VIVA
982501468,ARTISALUS ACT FORTE PLUS 60CPS,1,10,0,0.00,4.00,si,DOMANDA_VIVA
900498460,CHITOSOL LATTE SOL SPF50 125ML,1,5,0,0.00,3.00,si,DOMANDA_VIVA
922327109,VASOX CREMA 200ML,1,8,0,0.00,2.00,si,DOMANDA_VIVA
926213176,MY NAILS KERATIN REPAIR FORTE,1,8,0,0.00,1.00,si,DOMANDA_VIVA
944959218,MULTI 45 100CPR,1,8,0,0.00,19.00,si,DOMANDA_VIVA
926830074,DOMINA OVULI VAGINALI 30OV,1,8,0,0.00,0,si,MORTO_vero
904365830,GIOIL SHAMPOO 200ML,1,4,0,0.00,0,si,GIA_POSIZIONATO_top5
900764325,GEHWOL PEDILUVIO POLVERE 400G,1,8,0,0.00,1.00,si,DOMANDA_VIVA
981114085,"BIOSCALIN NUTRICOL PL 6,43 BIO",1,6,11,0.00,0,si,MAGAZZINO_domanda90g
982003459,FERZYM 30CPS,1,8,0,0.00,2.00,si,DOMANDA_VIVA
046080026,ENTEROGERMINA*OS 10FL 2MLD/5ML,1,3,29,5.00,4.00,si,DOMANDA_VIVA
970257376,DERMABLEND 3D 15 30ML,1,1,7,0.00,0,si,GIA_POSIZIONATO_top5
982172619,RILASTIL ELASTICIZZANTE CR E/I,1,14,0,0.00,1.00,si,DOMANDA_VIVA
005556016,ORTODERMINA*CREMA 50G 5%,1,7,0,0.00,5.00,si,DOMANDA_VIVA
921723843,ALTOP 20CPR,1,11,0,0.00,4.00,si,DOMANDA_VIVA
900095528,BENEX POMATA 100ML,1,9,0,0.00,4.00,si,DOMANDA_VIVA
972353193,STRIAVEN CREMA GEL 100G,1,99,0,0.00,0,si,MORTO_vero
037028026,EDEVEN CM*GEL TUBO 40G 2%+5%,1,3,0,0.00,0,si,GIA_POSIZIONATO_top5
988195689,EOS BIOVERDE INTIMO C 300ML,1,8,0,0.00,8.00,si,DOMANDA_VIVA
800162582,LYMDIARAL 20ML GTT PASCOE,1,99,0,0.00,2.00,si,DOMANDA_VIVA
034283869,NIQUITIN*7CER TRANSD 21MG/24H,1,10,0,0.00,0,si,MORTO_vero
949970697,DR VITI COLLAGENE CR CRP 200ML,1,99,0,0.00,0,si,MORTO_vero
935236760,LONGLIFE CORDYCEPS BIO 60CPS,1,7,0,0.00,0,si,MORTO_vero
983696079,MAGSOL 5 EXTRA 60CPR,1,10,0,0.00,0,si,MORTO_vero
935634028,LONGLIFE 5-HTP 60CPS VEG,1,11,0,0.00,1.00,si,DOMANDA_VIVA
940481866,PUNTUALE 6MICROCLISMI 10G,1,99,0,0.00,2.00,si,DOMANDA_VIVA
970336398,PEPTIVET OTO GEL 25ML,1,12,0,0.00,1.00,si,DOMANDA_VIVA
982945622,OPTIVE SOLUZIONE OFTALMICA10ML,1,3,0,0.00,6.00,si,DOMANDA_VIVA
987904707,KALOIDON GEL CICATRICI 75ML,1,10,0,0.00,6.00,si,DOMANDA_VIVA
904317916,VISERGON 16BUST,1,4,0,0.00,3.00,si,DOMANDA_VIVA
925606840,WELLION LUNA CHOLES STRIPS10PZ,1,13,0,0.00,4.00,si,DOMANDA_VIVA
925654321,VITAMINE B COMPL 60CPR COLOURS,1,15,0,0.00,1.00,si,DOMANDA_VIVA
934637935,RILASTIL LIPOFUSION FLUID250ML,1,99,0,0.00,1.00,si,DOMANDA_VIVA
980523726,LACTOVIS PREBIOTICO PROB 100G,1,6,0,0.00,2.00,si,DOMANDA_VIVA
934408648,BIOTHYMUS AC ACT D SH RISTRUTT,1,6,7,0.00,3.00,si,DOMANDA_VIVA
982485435,SERENOTTE GOCCE 20ML,1,99,0,0.00,0,si,MORTO_vero
906154810,EUPHIDRA AMIDO HOFMANN 300G,1,7,4,4.00,1.00,si,DOMANDA_VIVA
907280352,ALLEVYN NON ADHESIVE 10X10CM 3,1,5,0,0.00,0,si,GIA_POSIZIONATO_top5
041734017,VEGETALLUMINA ANTID*GEL 50G10%,1,10,0,0.00,0,si,MORTO_vero
935798102,MOST DERMICTIOL SHAMPOO 150ML,1,10,0,0.00,1.00,si,DOMANDA_VIVA
908689540,M-AID ROLLFLEX CER 5X5,1,99,0,0.00,0,si,MORTO_vero
032040014,COLLIRIO ALFA OCCHIO SEC*20FL,1,3,3,28.00,38.00,si,DOMANDA_VIVA
985005281,DOLADOL PLUS CREMA REALE 1870,1,6,0,0.00,2.00,si,DOMANDA_VIVA
976337927,ALGONERV CREMA 75ML,1,4,0,0.00,2.00,si,DOMANDA_VIVA
971057094,KALEVIS-K 20BUST,1,8,0,0.00,0,si,MORTO_vero
900125269,SANTES OVULI VAGINALI 14PZ,1,15,0,0.00,16.00,si,DOMANDA_VIVA
909029023,REBIOGER DETERGENTE 150ML,1,9,0,0.00,5.00,si,DOMANDA_VIVA
989668874,PAPILOCARE IMMUNOCAPS 30CPS,1,10,0,0.00,5.00,si,DOMANDA_VIVA
981446558,BAKEL OXY-REGEN CHARM SIZE CR,1,1,2,0.00,0,si,GIA_POSIZIONATO_top5
950041741,RINOFLUX WASH SIRINGHE LAV NAS,1,99,0,0.00,0,si,MORTO_vero
902299940,VARIEZE 60CPR,1,99,0,0.00,3.00,si,DOMANDA_VIVA
944629841,DIMA COMPLEX 60CPR,1,3,0,0.00,1.00,si,DOMANDA_VIVA
950267207,ESI DEPURERBE FORTE 60CPR,1,13,6,0.00,1.00,si,DOMANDA_VIVA
989408632,DOLOMIA SC HD SHAMPOO RI 200ML,1,3,3,0.00,0,si,GIA_POSIZIONATO_top5
930517875,MULTIVITAMIX CRONO 30CPR,1,3,24,2.00,1.00,si,DOMANDA_VIVA
940883352,BIOLIFTAN GEL MASK 50ML,1,9,0,0.00,4.00,si,DOMANDA_VIVA
980860290,DROPSEPT SOLUZIONE OFTALMICA,1,9,0,0.00,4.00,si,DOMANDA_VIVA
984561605,LYCIA VAPO BEAUTY CARE 75ML,1,99,0,0.00,0,si,MORTO_vero
904689700,RIGENAMED PLUS RIGEN/RISTR15ML,1,99,0,0.00,2.00,si,DOMANDA_VIVA
903570517,SERENITY PANN SD SUPER L 30PZ,1,7,0,0.00,3.00,si,DOMANDA_VIVA
920045085,MOONCUP COPP MESTR A GR +30ANN,1,99,0,0.00,1.00,si,DOMANDA_VIVA
971484340,LACTOFER FERMENTI 12BUST,1,8,0,0.00,0,si,MORTO_vero
981475647,CERAVE OLIO DET IDRAT SCH236ML,1,4,11,1.00,0,si,DOMANDA_VIVA
981112461,EPILOBIO ESTRATTO INTEGR SECCO,1,9,0,0.00,2.00,si,DOMANDA_VIVA
035618077,MOMENTACT*OS SOSP 8BUST 400MG,1,4,3,23.00,11.00,si,DOMANDA_VIVA
982471409,URIXANA PRO 30BUST,1,10,0,2.00,4.00,si,DOMANDA_VIVA
044356020,BRUFEN DOLORE*OS 24BUST 40MG,1,4,10,14.00,6.00,si,DOMANDA_VIVA
904816333,VICUTIX SCAR GEL 20G,1,14,0,0.00,1.00,si,DOMANDA_VIVA
908174117,CALMOR TAPPO ANTIS 20PZ 22043,1,4,20,7.00,3.00,si,DOMANDA_VIVA
981516331,VAGISIL GEL LUBRIFICANTE 30G,1,7,2,4.00,3.00,si,DOMANDA_VIVA
944633611,LONGLIFE OLIO ORIGANO BIO60PRL,1,5,0,0.00,2.00,si,DOMANDA_VIVA
987449802,RIPAGEL VET GOCCE OCULARI 10ML,1,1,0,0.00,71.00,si,DOMANDA_VIVA
975398975,LFP SIERO VISO DOPOSOLE 50ML,1,4,8,0.00,0,si,GIA_POSIZIONATO_top5
032056020,"EUCLORINA*POLV SOL 10BUST 2,5G",1,8,10,4.00,2.00,si,DOMANDA_VIVA
029032036,CODEX*10BUST 5MLD 250MG,1,6,8,2.00,1.00,si,DOMANDA_VIVA
975965676,RETIBEN 20STICK 10ML,1,5,0,0.00,12.00,si,DOMANDA_VIVA
986629297,CURAPROX PULISCI LINGUA CTC203,1,7,0,0.00,2.00,si,DOMANDA_VIVA
950915280,DOLOMIA SC LX MASC BOOSTER DIS,1,2,27,0.00,0,si,GIA_POSIZIONATO_top5
984785156,NEO PECIA FT 60CPR DIETALINEA,1,9,0,0.00,0,si,MORTO_vero
982539266,LFP LINEATAB 30CPR,1,6,12,0.00,0,si,MAGAZZINO_domanda90g
980135139,N5 DG Polvere 400g,1,99,0,0.00,0,si,MORTO_vero
025669348,MOMENT*OS SOSP 8BUST 200MG,1,1,0,0.00,4.00,si,DOMANDA_VIVA
981113309,ZYMECOL 30CPR GASTRORESISTENTI,1,99,0,0.00,0,si,MORTO_vero
970445185,SAUBER ANTITRASP 72ORE ROLL-ON,1,5,6,0.00,0,si,GIA_POSIZIONATO_top5
036397014,REPARIL*GEL 40G 1%+5%,1,7,20,0.00,2.00,si,DOMANDA_VIVA
924847231,AMINOGAM SPRAY 15ML,1,5,0,0.00,6.00,si,DOMANDA_VIVA
983332976,PRODEFEN D PLUS 10BUST,1,4,0,0.00,18.00,si,DOMANDA_VIVA
025829223,MOMENDOL*12CPS MOLLI 220MG,1,6,49,12.00,12.00,si,DOMANDA_VIVA
989362633,CONDROSTRESS MOBILITY 90CHEWS,1,9,0,0.00,17.00,si,DOMANDA_VIVA
978253464,EPATO24 60CPR,1,7,0,0.00,0,si,MORTO_vero
926647241,BOROX 50ML,1,8,0,0.00,1.00,si,DOMANDA_VIVA
981495652,EOS D3 K2 ADVANCE 60CPR MASTIC,1,9,0,0.00,4.00,si,DOMANDA_VIVA
985668060,ONTHERAPY DEODORANTE VAPO NO G,1,6,0,0.00,2.00,si,DOMANDA_VIVA
920801255,ALIANT MICO SPRAY 80ML,1,5,0,0.00,0,si,GIA_POSIZIONATO_top5
989405244,ESI FERMENTAL GONFIORE 10STICK,1,9,13,0.00,2.00,si,DOMANDA_VIVA
980458451,OROZYME CANINE STR ENZ MASTI S,1,5,0,0.00,7.00,si,DOMANDA_VIVA
981467956,EUCERIN ATOPIC CREMA MANI 75ML,1,6,4,0.00,0,si,MAGAZZINO_domanda90g
972260614,RIGEAVIT 30CPR,1,5,0,0.00,1.00,si,DOMANDA_VIVA
982407025,LFP FOLICO 60CPS,1,2,8,0.00,0,si,GIA_POSIZIONATO_top5
903966113,CHERAMED EMOL UN/PIEDE 15ML,1,3,0,0.00,0,si,GIA_POSIZIONATO_top5
987259660,PROBIOTICO ACT GONFIORE 10BUST,1,6,10,0.00,1.00,si,DOMANDA_VIVA
987654718,CH ASSORBENTI POSTPARTO COT10P,1,4,0,0.00,0,si,GIA_POSIZIONATO_top5
923399291,REV US30 GEL 100ML,1,3,0,0.00,1.00,si,DOMANDA_VIVA
936008349,GELX SPRAY ORAL 100ML,1,11,0,0.00,0,si,MORTO_vero
970516706,DETOX BIO INTENSIVO 3PZ 20ML,1,14,0,0.00,1.00,si,DOMANDA_VIVA
970176513,BIATAIN SIL LITE ADES 5X5CM,1,99,0,0.00,0,si,MORTO_vero
941693691,VITACALM TUTTA NOTTE F/R 30CPR,1,7,0,0.00,0,si,MORTO_vero
977825241,EKEEP H2 HALLUX VALGUS NOTT 1M,1,1,4,0.00,0,si,GIA_POSIZIONATO_top5
927098830,NEUTROGENA N/F INT REP BODY LO,1,5,12,0.00,0,si,GIA_POSIZIONATO_top5
935836825,ACNIBEN REPAIR DET 180ML 2018,1,11,0,0.00,0,si,MORTO_vero
978594582,TRIDERM BABY SHAMPOO ULTRADEL,1,18,0,0.00,4.00,si,DOMANDA_VIVA
986464826,BIOKILL PIRETRO NATURALE 1L,1,99,0,0.00,1.00,si,DOMANDA_VIVA
987361944,LFP SCRUB ENZIMATICO 75ML,1,3,15,0.00,0,si,GIA_POSIZIONATO_top5
930502000,CONTRATTURE GEL MINERALE 150G,1,10,0,0.00,6.00,si,DOMANDA_VIVA
978919532,RESTOMYL SUPPLEMENTO CANE 60G,1,15,0,0.00,2.00,si,DOMANDA_VIVA
045952013,FASTUFLEX*5CER MEDIC 180MG,1,14,0,0.00,0,si,MORTO_vero
907139935,SOWASH IDROGETTO IGIENE ORALE,1,5,0,0.00,1.00,si,DOMANDA_VIVA
980770299,GIBAUD ORTHO LOMBOGIB LADY21 1,1,9,7,0.00,2.00,si,DOMANDA_VIVA
985722483,KIJIMEA K53 ADVANCE 56CPS,1,8,0,0.00,22.00,si,DOMANDA_VIVA
950276737,GIBAUD ORTHO CORS LOMB ACT V 4,1,8,3,1.00,1.00,si,DOMANDA_VIVA
979049804,LACTOSOLUTION 15000 30CPR,1,8,0,0.00,2.00,si,DOMANDA_VIVA
970336400,SUNNERSKIN 40ML,1,5,0,0.00,3.00,si,DOMANDA_VIVA
931543639,LEGART MAXI 60CPR,1,99,0,0.00,6.00,si,DOMANDA_VIVA
970419646,SALVIA ESTRATTO INTEGRALE200ML,1,8,0,0.00,1.00,si,DOMANDA_VIVA
909040053,OLIO VASELINA FU 1000ML,1,6,0,0.00,0,si,MORTO_vero
988248441,PAPILOCARE GEL VAGINALE 7X5ML,1,9,0,0.00,2.00,si,DOMANDA_VIVA
980860148,LINEAGIN GEL 6APPLX5ML,1,18,0,0.00,5.00,si,DOMANDA_VIVA
971299932,PERIO AID ACTIVE CONTROL 500ML,1,2,6,0.00,0,si,GIA_POSIZIONATO_top5
932711740,GUNAMINOFORMULA 50CPR,1,15,0,0.00,0,si,MORTO_vero
923502177,DEODORANTE ANTI TRACCE ROLL-ON,1,7,12,3.00,2.00,si,DOMANDA_VIVA
937106781,DESMODIO 15AMPOLLE,1,99,0,0.00,0,si,MORTO_vero
902652763,TRIOCARBONE PLUS 40CPR,1,14,0,0.00,0,si,MORTO_vero
976731152,PELVILEN DUAL ACT 20CPR,1,15,0,0.00,7.00,si,DOMANDA_VIVA
004853038,VALERIANA DISPERT*100CPR 45MG,1,2,6,6.00,13.00,si,DOMANDA_VIVA
981114097,BIOSCALIN NUTRICOL PL 7 BIONDO,1,9,4,3.00,4.00,si,DOMANDA_VIVA
939674863,BIOLACTINE TRAVEL FORTE 24CPS,1,6,0,0.00,7.00,si,DOMANDA_VIVA
042311011,MINOXIDIL BIORGA*SOL CUT60ML5%,1,19,0,0.00,2.00,si,DOMANDA_VIVA
981448386,FOR FARMA GEL IDRATANTE INTIMO,1,6,0,0.00,1.00,si,DOMANDA_VIVA
944778101,ROUGJ SOLARE SPF15 100ML,1,1,5,2.00,2.00,si,DOMANDA_VIVA
934408624,BIOMINERAL ONE LACTO PLUS30CPR,1,9,16,2.00,3.00,si,DOMANDA_VIVA
042858011,BETADINE*SOLUZ CUT 125ML 10%,1,1,6,0.00,0,si,GIA_POSIZIONATO_top5
979021375,PEDIAFER SOLUZIONE ORALE 30ML,1,99,0,0.00,5.00,si,DOMANDA_VIVA
973915818,CICAPLAST GEL B5 40ML,1,9,9,2.00,1.00,si,DOMANDA_VIVA
987900002,"KEEN WHISP W-CAYEN/BRICK 8,5W",1,5,0,0.00,1.00,si,DOMANDA_VIVA
900179540,MEHAREES CREMA CORPO 300ML,1,99,0,0.00,1.00,si,DOMANDA_VIVA
980029122,CONNETTIVINAVISO CREMA 50ML,1,6,6,0.00,3.00,si,DOMANDA_VIVA
941079042,ARTIKRILL DOL CANE 60PRL,1,8,0,0.00,29.00,si,DOMANDA_VIVA
972681821,CARTIJOINT D 1000 20BUST 5G,1,7,4,0.00,3.00,si,DOMANDA_VIVA
931092340,LENITUX 100ML,1,4,0,0.00,0,si,GIA_POSIZIONATO_top5
970540365,BIONIKE SHINE ON SHAMPOO RISTR,1,4,0,0.00,4.00,si,DOMANDA_VIVA
979095609,RIPOSI' GEL GENGIVALE 20ML,1,7,0,0.00,0,si,MORTO_vero
909113122,M-AID ROLLFLEX CER 2X10 1PZ,1,12,0,0.00,0,si,MORTO_vero
922546888,FLEE SPRAY DOMESTICO ANTIPULCI,1,99,0,0.00,1.00,si,DOMANDA_VIVA
977695170,GLORIA162EVO AD BE MC,1,11,0,0.00,1.00,si,DOMANDA_VIVA
935229082,TIMODORE CREMA DEO 48H 50ML,1,14,0,0.00,0,si,MORTO_vero
984098691,REV EFFACE JOUR PLUS 30ML,1,99,0,0.00,0,si,MORTO_vero
981516661,VAGISIL GEL INTIMO IDRAT CALOR,1,99,0,0.00,0,si,MORTO_vero
983681584,AKUEL NATURAL+ EXTRALUBR 8PZ,1,4,0,0.00,0,si,GIA_POSIZIONATO_top5
934847183,GINETROX CREMA VAGINALE 30ML,1,20,0,0.00,1.00,si,DOMANDA_VIVA
944166103,NANCARE FLORA EQUILIBRIUM 20BS,1,3,0,0.00,2.00,si,DOMANDA_VIVA
905943508,BIOCLYM UNO 30CPS 550MG,1,5,0,0.00,0,si,GIA_POSIZIONATO_top5
980501579,QUEVIR 30CPR,1,7,0,0.00,3.00,si,DOMANDA_VIVA
976209813,CURAPROX CS 3960 SUP SOFT 1UN,1,11,0,0.00,0,si,MORTO_vero
983510191,HERICIUM 180PAST,1,9,0,0.00,2.00,si,DOMANDA_VIVA
033656442,ENANTYUM*20CPR RIV 25MG,1,8,37,15.00,8.00,si,DOMANDA_VIVA
019875095,CONNETTIVINA*GEL 30G 2MG/G,1,5,0,0.00,5.00,si,DOMANDA_VIVA
975003714,EUCERIN PH5 DET FLUIDO 400ML,1,5,3,0.00,2.00,si,DOMANDA_VIVA
931156018,KUTECUR SPRAY 125ML,1,3,0,0.00,8.00,si,DOMANDA_VIVA
985820808,BIOREPAIR TRATTAMENTO INTENS,1,12,0,0.00,6.00,si,DOMANDA_VIVA
944443555,CLOSEBAX SD SHAMPOO 250ML,1,8,0,0.00,5.00,si,DOMANDA_VIVA
900748462,GEHWOL CREMA FUSSKREM 75ML,1,99,0,0.00,0,si,MORTO_vero
972468197,TOTAL NEEM PROTECTION SPRAY MU,1,6,0,0.00,1.00,si,DOMANDA_VIVA
924765314,VERRUPOR BRUCIAPORRI 12ML NF,1,4,0,0.00,0,si,GIA_POSIZIONATO_top5
976396150,SWISSE UOMO 65+ MULTIVIT 30CPR,1,16,0,0.00,3.00,si,DOMANDA_VIVA
977790702,APROTEN PANE BIANCO FETTE 2PZ,1,5,0,0.00,5.00,si,DOMANDA_VIVA
911007514,VETRAP FASCIA ELASTICA BL 10CM,1,99,0,0.00,0,si,MORTO_vero
023907140,BETADINE*10GARZE IMPREGN 10x10,1,6,11,0.00,7.00,si,DOMANDA_VIVA
913903555,SEBIUM PORE REFINER 30ML,1,4,0,0.00,9.00,si,DOMANDA_VIVA
931015046,BOLO VIA 20BOCCONCINI,1,13,0,0.00,1.00,si,DOMANDA_VIVA
987033204,CREMA GIORNO RASS MELOGR/MACA,1,13,0,0.00,3.00,si,DOMANDA_VIVA
931114298,VEA MINILIPOGEL IDR PROT 10ML,1,6,0,0.00,8.00,si,DOMANDA_VIVA
987331764,ESI SAPONE MARSIGLIA ORIG500ML,1,10,0,0.00,1.00,si,DOMANDA_VIVA
926826266,"FORHANS CLEXIDIN 0,20 S/ALCOOL",1,10,0,0.00,1.00,si,DOMANDA_VIVA
987881657,"LFP ATTIVO RETINOLO 0,3% 20ML",1,4,8,0.00,0,si,GIA_POSIZIONATO_top5
944181989,VITACALM PROPOSITIV 30CPR,1,4,0,0.00,5.00,si,DOMANDA_VIVA
984575769,OMEGA NOBILE 60SOFTGEL,1,12,0,0.00,7.00,si,DOMANDA_VIVA
984557557,ESI GO UP GINSENG 10FL,1,11,0,0.00,2.00,si,DOMANDA_VIVA
933953578,CORTIPET 50ML,1,5,0,0.00,2.00,si,DOMANDA_VIVA
980252872,CENTROVISION COMFORT 84BUST,1,10,0,0.00,3.00,si,DOMANDA_VIVA
973865696,FLEX UC II 30CPS 500MG,1,7,0,0.00,4.00,si,DOMANDA_VIVA
942138886,DICODRAL LIQUIDO 4X200ML,1,99,0,1.00,1.00,si,DOMANDA_VIVA
987055860,COLLIRIO ALFA IDRATANTE 10F,1,7,30,20.00,15.00,si,DOMANDA_VIVA
950125777,EDEMASE 20CPR,1,10,0,0.00,61.00,si,DOMANDA_VIVA
923587428,LOXICOR 30CPR,1,11,0,0.00,0,si,MORTO_vero
984635387,PLAQTIV+ ORAL CARE ADDITIVO,1,6,0,0.00,8.00,si,DOMANDA_VIVA
944775713,LONGLIFE ACEROLA C100 FRUT BOS,1,2,0,0.00,0,si,GIA_POSIZIONATO_top5
974058339,SENSIQUELL CR DET CANOVA 250ML,1,3,0,0.00,0,si,GIA_POSIZIONATO_top5
984651253,TRASPIREX PELLI DELICATE 20ML,1,1,14,1.00,0,si,DOMANDA_VIVA
986626012,LESSPAIN SPRAY 30ML,1,8,0,0.00,0,si,MORTO_vero
900538822,BARDANA 50ML TM,1,99,0,0.00,0,si,MORTO_vero
909317479,APTODIN PLUS RETARD 30CPR,1,9,0,0.00,14.00,si,DOMANDA_VIVA
971357013,OTTOCID PLUS 300ML,1,6,3,4.00,0,si,DOMANDA_VIVA
983531221,PURES SPRAY ACARICID PMC 150ML,1,12,0,0.00,1.00,si,DOMANDA_VIVA
982815918,EPITACT QUERV'ACTIV DESTRO S,1,11,0,0.00,1.00,si,DOMANDA_VIVA
984651380,ARNICA GEL 98% 300ML,1,13,0,0.00,2.00,si,DOMANDA_VIVA
939886216,HELAN FIOR DI TALCO ACQ IDRAT,1,4,0,0.00,0,si,GIA_POSIZIONATO_top5
984966022,NOVA ENTERO 2 MILIARDI 10FL,1,3,16,0.00,0,si,GIA_POSIZIONATO_top5
971377559,BASE LAVANTE 273 300ML,1,5,0,0.00,1.00,si,DOMANDA_VIVA
930276769,"YABRO 10F 3ML AC IALUR 0,3%",1,7,0,0.00,1.00,si,DOMANDA_VIVA
975972985,GIBAUD ORTHO ACT H35 CORS LS 2,1,1,3,0.00,0,si,GIA_POSIZIONATO_top5
980499077,BIOREPAIR PLUS COLLUT PROT GEN,1,10,0,0.00,0,si,MORTO_vero
987411903,VIDERMINA 3-12 DET INT 250ML,1,7,4,0.00,1.00,si,DOMANDA_VIVA
979362807,OMEGAL DHA 40CPS MOLLI,1,12,0,0.00,10.00,si,DOMANDA_VIVA
925565816,OBEVIS 180PAST,1,3,0,0.00,1.00,si,DOMANDA_VIVA
978573879,METADIGEST LACTO 15CPS,1,13,0,0.00,1.00,si,DOMANDA_VIVA
935190393,ENTEROGERMINA GONFIORE 10BUST,1,8,11,0.00,3.00,si,DOMANDA_VIVA
973203603,EMOFORT 550 30CPS,1,6,0,0.00,1.00,si,DOMANDA_VIVA
037466024,KETONOVA*SHAMPOO 120ML 20MG/G,1,6,0,0.00,3.00,si,DOMANDA_VIVA
947226611,VALERIANA 100CPS VEGETALI,1,99,0,0.00,0,si,MORTO_vero
903704221,FARMACTIVE ALGINATO 10X10CM 10,1,9,0,0.00,1.00,si,DOMANDA_VIVA
901773580,STOMODINE GEL GENG CANI 30ML,1,9,0,0.00,9.00,si,DOMANDA_VIVA
930605581,LONGLIFE MAGNESIUM K 60CPS,1,99,0,0.00,1.00,si,DOMANDA_VIVA
982596328,ZYMEREX GONFIORE PLUS 20CPR,1,14,0,0.00,14.00,si,DOMANDA_VIVA
984733562,MONURELLE PLUS AF 15CPS,1,8,16,4.00,4.00,si,DOMANDA_VIVA
973989890,ONICOPOD TR GOCCE 15ML,1,9,0,0.00,1.00,si,DOMANDA_VIVA
990860266,NORMAST MPS MICROGRANULI30BUST,1,10,0,0.00,7.00,si,DOMANDA_VIVA
982532855,TOLERIANE DERMALLERGO FLUI40ML,1,7,3,5.00,2.00,si,DOMANDA_VIVA
949645360,DR VITI DRENANTE ANANAS28STICK,1,7,0,0.00,3.00,si,DOMANDA_VIVA
979332879,FARMAPROST 30CPR,1,99,0,0.00,2.00,si,DOMANDA_VIVA
942263599,CRACKDOL OIL MASSAGE 200ML,1,6,0,0.00,0,si,MORTO_vero
901430672,MAN SUPPORT 15COT GAMB 15 NE 5,1,5,0,0.00,3.00,si,DOMANDA_VIVA
905598429,ESI NO DOL 5 CEROTTI,1,12,0,0.00,0,si,MORTO_vero
979383748,SODIO CLORURO 300CPS 500MG,1,12,0,0.00,8.00,si,DOMANDA_VIVA
035953025,"LAXIPEG*OS POLV 20BUST 9,7G",1,11,11,0.00,8.00,si,DOMANDA_VIVA
983191432,AUTAN DEFENSE LONG PROT 100ML,1,17,0,0.00,6.00,si,DOMANDA_VIVA
985972013,MICROVENIL FORTE 20BUST,1,9,0,0.00,2.00,si,DOMANDA_VIVA
935228902,XERIAL 30 CREMA PIEDI 50ML,1,14,0,0.00,3.00,si,DOMANDA_VIVA
902445651,HOLLI ADATTATORE SAC URO 10PZ,1,3,0,0.00,0,si,GIA_POSIZIONATO_top5
935611119,ENSURE ADVANCE VANIGLIA 400G,1,99,0,0.00,0,si,MORTO_vero
982683334,RIGENERA CREMA RISTRUTT 50ML,1,5,0,0.00,1.00,si,DOMANDA_VIVA
940086337,TANTUM VERDE SOS AFTE SPR 20ML,1,15,0,0.00,4.00,si,DOMANDA_VIVA
935204255,DERMOVITAMINA PROCTOC CREMA,1,14,0,0.00,6.00,si,DOMANDA_VIVA
986887471,SELFTEST HIV 1/2 SOFARMAPIU',1,13,0,0.00,0,si,MORTO_vero
975084740,PIC INSUPEN ADV AGO G32X4MM,1,12,0,0.00,4.00,si,DOMANDA_VIVA
976784203,KETO DIET SLIM 60CPS,1,2,0,0.00,2.00,si,DOMANDA_VIVA
984767448,DEPILZERO CREMA GAMBE/BRACCIA,1,11,0,0.00,0,si,MORTO_vero
926080298,D MANNOSIO MAXI 90CPS,1,99,0,0.00,0,si,MORTO_vero
935566707,REFALGIN GEL ORALE 14BUST,1,9,0,0.00,14.00,si,DOMANDA_VIVA
986075226,SILDI' SOFT GEL 30SOFT GELS,1,12,0,1.00,16.00,si,DOMANDA_VIVA
979810102,REV IDRAX BOTU' MEDICAL 30BUST,1,7,0,0.00,1.00,si,DOMANDA_VIVA
985288430,LIPOSKIN BIOMA PHARCOS SPUMA,1,11,0,0.00,2.00,si,DOMANDA_VIVA
912051657,RAPUNZEL BRODO VEG POLV 500G,1,99,0,0.00,0,si,MORTO_vero
921177642,ERMIDRA' SHAMPOO 250ML,1,14,0,0.00,2.00,si,DOMANDA_VIVA
931171007,EIE BIANCOSPINO 60ML GTT,1,6,0,0.00,3.00,si,DOMANDA_VIVA
980814154,KEYMINERAL 12BUST,1,2,1,0.00,0,si,GIA_POSIZIONATO_top5
927493395,VITABEN D3 15ML,1,11,0,0.00,13.00,si,DOMANDA_VIVA
976203238,NERVATIL 60CPR,1,12,0,0.00,3.00,si,DOMANDA_VIVA
975896263,LFP FERMENTI ULTRA 25MLD 10BUS,1,2,7,0.00,0,si,GIA_POSIZIONATO_top5
906595715,TAHIN SUNITA 340G BIO,1,8,0,0.00,0,si,MORTO_vero
934512625,GLUCOJECT AGO PENNA 6MM G31,1,8,0,0.00,0,si,MORTO_vero
984796197,ORALB VITALITY ADULT SPAZZ ELE,1,11,0,0.00,1.00,si,DOMANDA_VIVA
982178093,ESI SERENESI GOCCE 50ML,1,99,17,0.00,0,si,MAGAZZINO_domanda90g
903289041,EPISTAS UNGUENTO NASALE 30G,1,1,4,1.00,1.00,si,DOMANDA_VIVA
936005519,MASSIGEN C VITI 500MG 60CPS,1,13,0,0.00,1.00,si,DOMANDA_VIVA
939573972,OMEGALIP -R 30CPR RIVESTITE,1,6,0,0.00,1.00,si,DOMANDA_VIVA
049985017,CANDAZOL*CREMA VAG 30G 2%,1,3,0,0.00,0,si,GIA_POSIZIONATO_top5
977466642,BERGAMON ALFA COSMETIC 500ML,1,99,4,0.00,0,si,MAGAZZINO_domanda90g
977802976,REDUCE-CPP 30CPR,1,10,0,0.00,10.00,si,DOMANDA_VIVA
970375945,EPATOSTAR FORTE 20CPR RIVEST,1,6,0,0.00,0,si,MORTO_vero
931855819,REMOVER STOMIA SALVIETTE 30PZ,1,7,0,0.00,25.00,si,DOMANDA_VIVA
989047687,KIJIMEA FLORACARE 28CPS,1,14,0,0.00,2.00,si,DOMANDA_VIVA
973204290,ERBEROS 30CPR,1,6,0,0.00,0,si,MORTO_vero
051378014,MUSCORIL DOLORE*GEL 60G 20MG/G,1,99,0,0.00,2.00,si,DOMANDA_VIVA
971309935,INTRAFLOOR 30CPS,1,99,0,0.00,0,si,MORTO_vero
943256659,TIOCRONAL REDOX 20CPR,1,8,0,0.00,14.00,si,DOMANDA_VIVA
944137518,GERMISDIN IGIENE CORPO ORIG 1L,1,7,0,0.00,0,si,MORTO_vero
988771440,NARHINEL SOL FISIOL 60FL 5ML,1,5,31,6.00,15.00,si,DOMANDA_VIVA
982999260,DEFENCE SUN B&K LATTE SPR 50+,1,1,0,0.00,2.00,si,DOMANDA_VIVA
978305516,VITIS JUNIOR GEL 75ML INTL,1,3,7,0.00,0,si,GIA_POSIZIONATO_top5
947477422,MYCLI SOFT PEEL 50ML,1,3,3,0.00,0,si,GIA_POSIZIONATO_top5
941435962,SEPARATORE DOPPIO ANELLO 3/4/5,1,6,0,0.00,0,si,MORTO_vero
989634124,BBMILK DG LIQUIDO 500ML,1,6,0,0.00,0,si,MORTO_vero
982541450,RILASTIL ELASTICIZZANTE 10F,1,12,0,0.00,0,si,MORTO_vero
028122063,"ONILAQARE*SMALTO UNGHIE 2,5ML",1,12,0,0.00,3.00,si,DOMANDA_VIVA
987358759,KIJIMEA REGULARIS 500G,1,2,0,0.00,8.00,si,DOMANDA_VIVA
988342147,KUKIDENT ULTIMATE NEUTRO 57G,1,9,2,6.00,2.00,si,DOMANDA_VIVA
979843632,CANDIDAX MED 30CPR,1,10,0,0.00,1.00,si,DOMANDA_VIVA
980285795,CLEARBLUE RILEVAZIONE PREC DIG,1,9,13,0.00,4.00,si,DOMANDA_VIVA
923376343,YOGURT LINEA FERMENTI 4BUST,1,2,0,0.00,7.00,si,DOMANDA_VIVA
034220032,CRYSTACIDE*CREMA 25G 1%,1,99,0,0.00,0,si,MORTO_vero
986117190,TRIVIS AGA DONNA LOZIONE 100ML,1,99,0,0.00,1.00,si,DOMANDA_VIVA
989319746,RESPECTA 10CPS,1,11,0,0.00,19.00,si,DOMANDA_VIVA
935605459,VADO LAX PLUS 100CPR,1,4,15,0.00,0,si,GIA_POSIZIONATO_top5
025218102,MICLAST*SOL CUT FL 30ML 10MG/G,1,9,0,0.00,1.00,si,DOMANDA_VIVA
927123481,AMINOGAM COLLUTORIO 200ML,1,8,0,0.00,2.00,si,DOMANDA_VIVA
984330365,DAO PLUS 50CPS INTOLERAN,1,99,0,0.00,0,si,MORTO_vero
923302487,OTOACT 100ML,1,9,0,0.00,3.00,si,DOMANDA_VIVA
905345334,DIFESAN 7CPR VAGINALI,1,11,0,0.00,1.00,si,DOMANDA_VIVA
930259724,BGSTAR STRISCE REATTIVE 25PZ,1,9,30,13.00,25.00,si,DOMANDA_VIVA
979406802,DENTIFRICIO RATANIA 75ML,1,9,0,0.00,0,si,MORTO_vero
982716805,PASSIFLORA 60CPS,1,9,0,0.00,1.00,si,DOMANDA_VIVA
984826545,KEYLIFE KCONCHIGLIONI 50G,1,2,2,0.00,0,si,GIA_POSIZIONATO_top5
932160498,EIE ROSMARINO 30ML GTT,1,8,0,0.00,1.00,si,DOMANDA_VIVA
970283964,PROVISION PIERPAOLI 60CPR,1,12,0,0.00,0,si,MORTO_vero
981047107,ZYMEREX IBS COLON IRRIT 14BUST,1,11,0,0.00,1.00,si,DOMANDA_VIVA
000367072,"TISANA KELEMATA*20BUST 1,3G",1,1,7,21.00,20.00,si,DOMANDA_VIVA
987669722,GIBAUD ORTHO WALKER BASSO TIB2,1,2,3,0.00,0,si,GIA_POSIZIONATO_top5
903069514,LONGLIFE KELP ALGA BRUNA180CPR,1,5,0,0.00,0,si,GIA_POSIZIONATO_top5
945205298,NEVRALIP 600 RETARD 30CPR,1,12,0,0.00,4.00,si,DOMANDA_VIVA
950026308,KLORANE CHININA SH400ML+100ML,1,1,12,0.00,0,si,GIA_POSIZIONATO_top5
924851328,GIBAUD ORTHO BLOCCA CLAVIC TU,1,7,0,0.00,1.00,si,DOMANDA_VIVA
980917227,KEYLIFE KFUSILLI 50G,1,2,18,0.00,0,si,GIA_POSIZIONATO_top5
977803992,UTIFREE 30CPR+30STICK,1,9,0,0.00,3.00,si,DOMANDA_VIVA
926259969,MEDI 18 GAMB P.AP NAT 4 2805PA,1,5,0,0.00,0,si,GIA_POSIZIONATO_top5
040657013,FASTUM ANTIDOLORIFICO*1% 50G,1,1,13,0.00,1.00,si,DOMANDA_VIVA
905683330,SUPRAVIT OVER 50 60CPR,1,6,0,0.00,0,si,MORTO_vero
979944333,REGULOSIO FIBRE 20BUST,1,5,0,0.00,1.00,si,DOMANDA_VIVA
910633623,KERIUM SH ANTIFORF CAP GRASS,1,99,0,0.00,5.00,si,DOMANDA_VIVA
904008137,GAMMA CALENDULA CREMA 75ML,1,7,0,0.00,2.00,si,DOMANDA_VIVA
940225004,MONODERMA ET10 XL LIPOGEL30ML,1,9,0,0.00,4.00,si,DOMANDA_VIVA
932165588,ARTAVIS 20BUST 8G,1,10,0,0.00,2.00,si,DOMANDA_VIVA
909838548,SKEMA SOLE EMULSIONE DOPO150ML,1,3,0,0.00,0,si,GIA_POSIZIONATO_top5
947138107,MONOI TIKI FONDOTINTA COMPATTO,1,99,0,0.00,1.00,si,DOMANDA_VIVA
023907177,BETADINE*SOLUZ CUT FL 50ML 10%,1,99,0,0.00,6.00,si,DOMANDA_VIVA
988066890,IDRASTIN CREMA MULTIATTIVA75ML,1,14,0,0.00,4.00,si,DOMANDA_VIVA
932252632,BUONAVIT D3F 12ML,1,8,0,0.00,2.00,si,DOMANDA_VIVA
984812382,ALENIL Q 30CPR,1,10,0,0.00,0,si,MORTO_vero
926243407,FORHANS GENGIFOR 30CPR,1,10,0,0.00,4.00,si,DOMANDA_VIVA
978867974,BABY CREMA PROTETTIVA CAL 75ML,1,99,0,0.00,5.00,si,DOMANDA_VIVA
943921914,VOGLIA SOLE CREMA SOL SPF50+,1,99,0,0.00,0,si,MORTO_vero
971215037,HIPP BIO OMOG PERA WILL 6X80G,1,11,0,0.00,1.00,si,DOMANDA_VIVA
950612693,ESENTA DIAMONDS BUSTINE 100PZ,1,5,0,0.00,1.00,si,DOMANDA_VIVA
974890372,COMPENSA Q DIET POLVERE 250G,1,10,0,0.00,3.00,si,DOMANDA_VIVA
908390812,ARGILLA VE SUPERVENTILATA 500G,1,99,0,0.00,0,si,MORTO_vero
971528219,IRIDIUM A FREE 10ML,1,10,0,0.00,5.00,si,DOMANDA_VIVA
942895020,LONGLIFE E SELENIUM 45TAV,1,5,0,0.00,0,si,GIA_POSIZIONATO_top5
907106241,GLORIAM GAMB 142AD COT BEI SC,1,5,0,0.00,1.00,si,DOMANDA_VIVA
983441849,AVENE HOMME GEL BARBA 150ML,1,14,0,0.00,0,si,MORTO_vero
986861870,DTOPIC CREMA LIPOFILA 30ML,1,6,0,0.00,1.00,si,DOMANDA_VIVA
971752112,VITA ACT CALCIO+VIT D 60CPR,1,12,0,0.00,6.00,si,DOMANDA_VIVA
940742911,DERMOVITAMINA RAGADI NA/LA VAS,1,14,0,0.00,0,si,MORTO_vero
977705906,TILIA TOMENTOSA BOIRON MG 60ML,1,13,0,0.00,2.00,si,DOMANDA_VIVA
926252139,MANOPOLA IMPERM NON SAP 100PZ,1,99,0,0.00,0,si,MORTO_vero
913108609,RHALAX GRANI 25G,1,99,0,0.00,0,si,MORTO_vero
947384816,ZELUX MAMMA PLUS 30CPR+30CPS,1,8,0,0.00,2.00,si,DOMANDA_VIVA
044608065,FLECTORGO*20CPS MOLLI 25MG,1,1,16,3.00,1.00,si,DOMANDA_VIVA
987377090,VIDROSOL 1000 30CPR,1,9,0,0.00,11.00,si,DOMANDA_VIVA
973179120,BOLO VIA PASTA GATTI 50G,1,99,0,0.00,5.00,si,DOMANDA_VIVA
931171060,EIE MELISSA 60ML GTT,1,99,0,0.00,0,si,MORTO_vero
976207973,OROBEN COLLUTORIO 150ML,1,15,0,0.00,1.00,si,DOMANDA_VIVA
971980697,MEDIPRESTERIL MED POSTOP 10X30,1,12,0,0.00,1.00,si,DOMANDA_VIVA
029305012,YOVIS*OS GRAT 10BUST 1G,1,99,0,0.00,0,si,MORTO_vero
