sku,nome,click7,spesa7,qty7,fatturato7,margine7,inc_fatt_pct,inc_marg_pct,pareto,pos
905338051,FORTILASE 20CPR,58,19.11,3.00,26.16,21.57,73,89,PARETO,1
987650557,BETOTAL ADVANCE B12 30FL,41,13.51,9.00,212.75,27.49,6,49,PARETO,8
952052898,KALANIT DOL LIMONE 14BUST,40,13.18,11.00,284.74,49.17,5,27,PARETO,2
988925487,YOVIS STICK 20STICK,32,10.54,6.00,83.16,12.50,13,84,PARETO,4
977176205,PERICLIM FORTE 60STICK,31,10.21,2.00,48.36,10.34,21,99,PARETO,1
951507817,POLASE PLUS CARNITINA PRO36BUS,30,9.88,4.00,59.24,59.24,17,17,PARETO,99
934416619,DICOFLOR ELLE 28CPS,29,9.55,15.00,298.99,65.00,3,15,PARETO,1
930960113,BETOTAL BODY PLUS 20BUST,28,9.22,8.00,80.80,16.13,11,57,PARETO,4
951100686,CERAVE INTENSIVE MOIS CR 340G,27,8.89,1.00,12.72,1.57,70,567,"",4
983191370,DELTACRIN PRP PHARCOS 6X15ML,25,8.24,1.00,55.90,8.02,15,103,PARETO,2
951998968,DICOELLE REPAIR 10OV,25,8.24,6.00,106.30,23.64,8,35,PARETO,1
904104193,SIDERAL 20CPS,23,7.58,6.00,107.16,12.42,7,61,PARETO,28
944940853,DINAMIC PLUS 30CPS MOLLI,22,7.25,16.00,259.56,32.00,3,23,PARETO,4
941013916,IRIDINA HYDRA REPAIR GTT OCUL,22,7.25,9.00,62.88,17.16,12,42,PARETO,2
950150565,"BIOSCALIN MENOPAUSA 16FX3,5ML",19,6.26,5.00,247.20,36.84,3,17,PARETO,1
971268949,ATODERM HUILE DE DOUCHE 1L,18,5.93,9.00,110.73,13.78,5,43,PARETO,8
921232649,PESCURA HEEL ORIG BYCAST SAB37,17,5.60,1.00,48.58,10.60,12,53,PARETO,1
949645307,MASSIGEN PRONTO RECUP S/Z18BUS,17,5.60,4.00,17.80,4.03,31,139,PARETO,1
989332794,AVENE SOL LATTE SPF 50 250ML,15,4.94,5.00,62.49,8.09,8,61,PARETO,8
978314730,EUMILL DRYREPAIR GOCCE OCULARI,15,4.94,1.00,6.29,1.07,79,463,PARETO,99
987757667,LIPEDESIN 30BUST,15,4.94,4.00,122.80,20.44,4,24,PARETO,2
984734590,AVENE HYALURON A B3 CREMA NTT,15,4.94,1.00,25.44,6.95,19,71,PARETO,37
904452962,ARMOLIPID 30CPR,15,4.94,2.00,25.48,3.85,19,128,PARETO,1
984734576,AVENE HYALURON A B3 SIERO 30ML,14,4.61,1.00,26.04,6.40,18,72,PARETO,1
000590051,"RINAZINA*SPRAY NAS 15ML 0,1%",13,4.28,10.00,88.34,13.32,5,32,PARETO,4
982011177,DARFAX PLUS 30CPR 1425MG IT,13,4.28,2.00,46.58,6.36,9,67,PARETO,20
949897882,PRONTEX BRACCIALE COMFORT,13,4.28,1.00,10.72,2.06,40,208,"",5
034548230,VOLTAREN EMULGEL*GEL 180G 2%,13,4.28,5.00,96.71,11.89,4,36,PARETO,22
974035798,DONEGAL PLUS CPR 30CPR,12,3.95,7.00,171.34,25.90,2,15,PARETO,2
990551069,UNA10 MEDIMAXI 10CPR DRN,12,3.95,7.00,89.13,27.09,4,15,PARETO,1
015598016,RINAADVANCE*GTT RINOL 10ML,12,3.95,5.00,39.50,6.78,10,58,PARETO,1
951098146,KELUAL DS INTENSIVE SH ANTIFOR,12,3.95,3.00,36.69,6.09,11,65,"",1
987842198,SENSINOL SHAMPOO 200ML DUCRAY,12,3.95,1.00,11.68,2.76,34,143,PARETO,17
951450701,LONGLIFE CREATINA 750MG 60CPS,12,3.95,1.00,14.07,0.00,28,,"",1
903187449,ESTROMINERAL 40CPR,12,3.95,4.00,66.40,-5.52,6,-72,PARETO,14
016222073,CENTELLASE*30CPR 30MG,12,3.95,6.00,53.07,9.48,7,42,PARETO,1
983374632,PHOTODERM GEL CREME APRES500ML,11,3.62,2.00,23.10,3.60,16,101,PARETO,4
990564344,REUPAIR 30STICK,11,3.62,2.00,41.74,7.06,9,51,PARETO,1
980813962,HYALISTIL SYNFO SOL OFT 10ML,11,3.62,4.00,74.36,9.20,5,39,PARETO,4
981974367,BIOKILL PIRETRO NATURALE 375ML,11,3.62,1.00,14.92,2.27,24,160,"",2
945108785,DECLINEX 30CPR,10,3.29,5.00,182.45,20.85,2,16,PARETO,14
949645295,MASSIGEN PRONTO RECUP18BUST 25,10,3.29,3.00,12.69,3.07,26,107,PARETO,1
021925060,PROCTOLYN*CR RETT 30G,10,3.29,15.00,100.65,7.59,3,43,PARETO,99
990004071,PROINTEX 14BUST,10,3.29,3.00,106.11,14.16,3,23,PARETO,4
989332782,AVENE SOL SPR SPF 50 200ML,10,3.29,5.00,61.95,8.09,5,41,PARETO,13
988388474,MUSTELA ZAINO BORSA 2024,10,3.29,1.00,30.86,6.22,11,53,"",1
986286957,INSU LEAN 40CPS GASTRORESIST,10,3.29,5.00,118.85,17.30,3,19,PARETO,3
986128243,NAMMAN MUAY ACTIVE CREAM 100G,10,3.29,1.00,12.99,3.66,25,90,PARETO,1
984569879,"SHINE ON HSPLUS CASTANO 4,00",10,3.29,4.00,40.52,7.58,8,43,"",1
921232664,PESCURA HEEL ORIG BYCAST SAB39,10,3.29,1.00,53.65,10.90,6,30,PARETO,2
981475674,CERAVE ACNE PURIFYING FOAM GEL,10,3.29,2.00,19.96,2.47,17,134,"",9
923485003,ARION EASY-SLIDE INFILACALZE L,10,3.29,1.00,20.76,4.29,16,77,"",1
924876838,NUXE SUN OLIO SOL VI/CRP SPF10,10,3.29,1.00,15.98,2.20,21,150,"",2
975908221,BIOARGININA ORALE 20FL 20ML,10,3.29,15.00,238.45,34.95,1,9,PARETO,1
940884671,BIOLIFTAN EYE CONTOUR CR 15ML,10,3.29,1.00,30.09,5.72,11,58,PARETO,1
941735437,EUMILL PROTECTION GTT OCUL20FL,10,3.29,12.00,104.88,22.76,3,14,PARETO,1
950069904,RILASTIL CREMA BASE 400ML SP,10,3.29,7.00,72.10,13.45,5,24,PARETO,1
951870310,POLASE SPORT POWDER REG 10BUST,9,2.96,2.00,17.84,1.91,17,155,PARETO,16
951990454,ZENIFEL DIFFUSORE GEL 230G,9,2.96,3.00,92.16,14.13,3,21,PARETO,1
950837195,KIJIMEA K53 ADVANCE 10CPS,9,2.96,1.00,13.84,1.93,21,154,"",10
976034049,LACTOSOLUTION 15000 75CPR,9,2.96,8.00,197.58,37.76,2,8,PARETO,1
902068701,EUBOS CREMA NORMALIZZANTE 50ML,9,2.96,3.00,61.35,16.20,5,18,PARETO,1
931160485,AUSILIUM FORTE 300G,9,2.96,3.00,219.58,42.06,1,7,PARETO,8
905171233,TAURETINA 30CPS,9,2.96,4.00,72.40,10.44,4,28,PARETO,17
951870462,BUTIR PLUS 15+15CPR,9,2.96,13.00,222.12,52.91,1,6,PARETO,1
930890571,FOTOKER PHARCOS CREMA 50ML,9,2.96,1.00,25.62,3.16,12,94,PARETO,3
950405757,VITREOIAL GOCCE OCULARI 20MONO,9,2.96,2.00,37.86,7.78,8,38,PARETO,6
951889930,APTODIN ESO 30STICKPACK,8,2.64,2.00,69.50,8.74,4,30,PARETO,11
970371403,PROCINEX 24STICK 15ML,8,2.64,5.00,73.65,13.60,4,19,PARETO,1
973149990,IRIX VIVA STRISCE GLICEMIA25PZ,8,2.64,10.00,78.10,19.50,3,14,PARETO,5
972767368,FLORENTERO ACT 15ML,8,2.64,1.00,11.35,1.79,23,147,"",1
904658554,PROIDEMA CRONO 30CPR,8,2.64,4.00,72.04,8.92,4,30,PARETO,1
035500091,VOLTADVANCE*30CPR RIV 25MG,7,2.31,6.00,56.82,8.32,4,28,PARETO,1
931578734,XIPHASE 20CPS,7,2.31,3.00,57.24,9.63,4,24,PARETO,1
908960735,SAUGELLA DERMOLIQUIDO 750ML,7,2.31,1.00,9.47,1.40,24,165,PARETO,4
952003097,VIVIVEN CRACKLING MOUSSE GAMBE,7,2.31,2.00,32.36,4.66,7,49,"",8
951552557,TIMOB 30STICKPACK 10ML,7,2.31,2.00,59.54,11.46,4,20,PARETO,4
949697318,BUONERBE FORTE 90CPR,7,2.31,5.00,69.70,11.50,3,20,PARETO,5
984825113,ORALB IO 9 BLACK SPAZZ+2REFILL,7,2.31,1.00,166.39,50.14,1,5,PARETO,13
987369927,AVENE SOL SPR BB50+ 200ML+RIST,7,2.31,3.00,37.11,4.83,6,48,PARETO,5
943251494,BIOLIFTAN GOLD CREAM 50ML,7,2.31,1.00,67.60,12.49,3,18,PARETO,1
927295790,DIRENE PASTA 15ML,7,2.31,10.00,119.00,30.50,2,8,PARETO,1
924284932,HYPERMIX BARATTOLO 200ML,6,1.98,5.00,199.24,21.45,1,9,PARETO,4
989355781,MARKEUTICALS MENOCORT 60CPR,6,1.98,1.00,25.03,3.98,8,50,PARETO,1
981964935,RILASTIL SUN PPT 50+ BEIGE NF,6,1.98,2.00,26.42,3.24,7,61,PARETO,2
988826475,TRIVIS UV SPRAY 100ML,6,1.98,1.00,27.05,3.90,7,51,PARETO,2
951091711,BIOMAVET CANE 1500MG 12CPR,6,1.98,1.00,13.36,2.02,15,98,PARETO,5
933496275,GASTROSAVE 30CPR,6,1.98,6.00,65.82,11.82,3,17,PARETO,2
951885413,BWB AH MAZING HAIR VIT C/BIOT,6,1.98,1.00,24.74,5.00,8,40,PARETO,1
935800805,BLUGEL A MONODOSE GTT OCULARI,6,1.98,9.00,116.11,20.34,2,10,PARETO,1
982512497,AVENE TOLERANCE LOZ DET ED LIM,6,1.98,1.00,15.77,3.09,13,64,"",4
982981666,ANTHELIOS FLUIDO UVM50+ S/PROF,6,1.98,1.00,13.24,3.37,15,59,PARETO,6
982981654,ANTHELIOS CREMA IDRAT UVM50+TT,6,1.98,1.00,13.08,2.21,15,89,"",4
981248293,TOPIALYSE HUILE LAV 1L NF,6,1.98,5.00,54.95,-27.75,4,-7,PARETO,52
978476380,COBAXIL B12 5000MCG 5CPR SUNBL,5,1.65,1.00,25.93,3.81,6,43,PARETO,2
924885837,VITE ROSSA GAMBE 30CPR,5,1.65,1.00,7.44,1.47,22,112,PARETO,3
925700890,HYPERMIX CREMA/GEL 30ML,5,1.65,1.00,9.97,2.00,17,82,PARETO,4
935334298,COLONREST 20CPR,5,1.65,5.00,73.45,13.25,2,12,PARETO,6
975099173,TOTABI EVO 32CPR,5,1.65,1.00,10.88,1.96,15,84,PARETO,1
975946284,SENSIBIO GEL MOUSSANT 500ML,5,1.65,2.00,27.36,4.55,6,36,PARETO,3
979103506,SENSIBIO H2O 850ML PUMP,5,1.65,3.00,41.87,6.56,4,25,PARETO,1
980911325,SUN SECURE LAIT SPF50+ NF250ML,5,1.65,1.00,13.05,1.97,13,84,PARETO,3
980926618,ANTHELIOS LATTE SOL 50+ PAPER,5,1.65,1.00,13.91,1.79,12,92,PARETO,3
982947311,NUXE SUN HUILE LACTEE CAPILLAI,5,1.65,1.00,10.92,1.31,15,126,PARETO,6
985592272,RILASTIL SUN SYS CAPSULE 1+1,5,1.65,1.00,15.34,0.00,11,,"",6
987296047,FERALIV 60CPR FILMATE,5,1.65,3.00,115.95,19.38,1,8,PARETO,2
987437187,POLASE ARANCIA 36BUST PROMO,5,1.65,1.00,11.28,-0.03,15,-5882,PARETO,23
990759666,EUPHIDRA LIP ART DUO MATTONE,5,1.65,2.00,16.18,4.18,10,39,"",99
981475724,NUXE RDT CR RAFFERMISSAN 200ML,4,1.32,2.00,58.28,11.20,2,12,"",2
911961100,FIBRAFOS CANE 20BUST DA 30G,4,1.32,3.00,72.51,11.73,2,11,PARETO,5
987400874,ANTHELIOS POST UV EXPOSUR200ML,4,1.32,1.00,11.42,2.10,12,63,"",14
945140135,EUPH COLORPRO XD 407 CAST,4,1.32,1.00,6.21,0.99,21,134,PARETO,3
104687227,VECTRA 3D*3PIP >40KG ROSSO,4,1.32,3.00,75.36,11.22,2,12,PARETO,1
981248267,TOPIALYSE GEL LAVANT 1L NF,4,1.32,1.00,8.61,1.77,15,74,PARETO,48
978837538,CS ANTI ACNE PURI SPF50+ 50ML,4,1.32,1.00,10.94,1.41,12,93,"",1
979049804,LACTOSOLUTION 15000 30CPR,4,1.32,1.00,11.57,2.33,11,57,"",1
945030171,JOHYA OS 15FL,4,1.32,4.00,76.76,9.60,2,14,PARETO,8
989816412,VESVEIN GAMBE SOLLIEVO 30CPR,4,1.32,2.00,22.28,2.74,6,48,PARETO,5
986791958,RILASTIL XEROLACT OLIO 1000ML,4,1.32,2.00,24.62,6.21,5,21,PARETO,11
989669902,DEFENCE SUN 50+ SPRAY 200ML,4,1.32,2.00,24.18,3.27,5,40,PARETO,16
035500026,VOLTADVANCE*20CPR RIV 25MG,4,1.32,4.00,25.84,8.86,5,15,PARETO,1
951890159,SERENA HA+ 30CPS,4,1.32,3.00,64.53,9.00,2,15,PARETO,5
935506651,VAGISIL INTIMO GEL C PROHYDR,4,1.32,1.00,12.15,2.00,11,66,PARETO,10
904213877,FIMOSIN GEL 30ML,4,1.32,1.00,11.57,1.65,11,80,"",9
983674678,EXOMEGA CONTROL BALS EMOL400ML,4,1.32,3.00,58.32,10.19,2,13,"",3
904639679,POLIVIT CREMA 500ML,4,1.32,5.00,88.21,16.75,1,8,PARETO,1
983373972,PHOTODERM AKN MAT SPF30 40ML,4,1.32,1.00,11.76,2.25,11,59,"",3
931666960,SAUGELLA UOMO PH FISIOL 500ML,4,1.32,1.00,10.47,3.37,13,39,PARETO,4
987867140,ZREEN COLLAGENE POLVERE,4,1.32,3.00,83.19,12.54,2,11,PARETO,3
911033278,MEPILEX MEDIC AS 10X10CM 5PZ,4,1.32,2.00,36.34,7.92,4,17,PARETO,2
974031407,UROIAL 14STICK PACK,4,1.32,1.00,15.82,3.37,8,39,PARETO,5
972295671,CONNETTIVINABIO PLUS CREMA 25G,3,0.99,2.00,15.92,2.36,6,42,PARETO,9
908620545,GIO' MUTANDINA CORRETTIVA 1,3,0.99,1.00,36.16,0.00,3,,PARETO,1
931203006,STERIMAR IPERTONICO NASO CHIU,3,0.99,7.00,75.53,12.88,1,8,PARETO,2
923744217,SPC-FLAKES 450G,3,0.99,3.00,70.80,13.20,1,7,PARETO,1
983173434,SERENITY PANTS SD BF EX S 14PZ,3,0.99,10.00,128.90,29.60,1,3,PARETO,2
952088033,PHYSIOMANCE MINCIBOOST G 500ML,3,0.99,2.00,47.41,7.28,2,14,"",1
951234184,COLINFAST 20FL 10ML,3,0.99,3.00,72.96,9.66,1,10,PARETO,4
951357829,CAROBIN PET FORTE MINI 15CPR,3,0.99,1.00,7.24,1.25,14,79,"",4
990650766,ORALADE ADVANCED RF+ 500ML,3,0.99,3.00,22.80,5.37,4,18,"",4
972256642,CALCIOK2 30STICK PACK,3,0.99,2.00,32.24,5.80,3,17,PARETO,20
936048139,EUPH COLORPRO XD700 BIONDO,3,0.99,5.00,31.85,9.10,3,11,"",15
986958369,BLEFATRI' SCHIUMA 50ML,3,0.99,1.00,20.99,4.20,5,24,PARETO,3
921811903,ENNE 3 PLUS 20CPS SOFTGEL,3,0.99,3.00,53.07,6.93,2,14,PARETO,2
976014480,FIBOR 500G,3,0.99,2.00,56.90,8.84,2,11,PARETO,1
950220956,FLAVIA ACT 30CPR,3,0.99,3.00,83.94,11.10,1,9,PARETO,8
902362336,RESPECTISSIME STRUCC OCCHI BIF,3,0.99,6.00,74.40,12.40,1,8,PARETO,9
922556182,FORTIMEL COMPACT PRO FRA 4BOTT,3,0.99,1.00,10.94,2.51,9,39,"",5
984361319,PPM COLLAGEN+ 30BUST,3,0.99,5.00,218.24,34.30,0,3,PARETO,2
986112771,ORALADE SUPPORTO AVANZATO GI+,3,0.99,3.00,22.53,5.16,4,19,PARETO,4
939370755,DELTACRIN FIALE PHARCOS 10F 10,2,0.66,2.00,53.82,7.54,1,9,PARETO,3
943322673,PROLEPTYC 60CPR,2,0.66,2.00,76.46,11.10,1,6,PARETO,1
950301390,CLOGIN REPAIR OVULI VAG 10OV,2,0.66,1.00,16.05,2.19,4,30,PARETO,2
950566505,EURECIT 20STICK PACK OROSOLUB,2,0.66,2.00,45.72,8.02,1,8,PARETO,3
942602665,MGK VIS ORANGE 30BUST,2,0.66,6.00,53.88,0.00,1,,PARETO,99
950915468,FIDEK 40CPR 1G DRN,2,0.66,6.00,136.24,35.04,0,2,PARETO,2
951064524,CERAVE SKIN RENEWING SIERO VIT,2,0.66,1.00,19.30,3.81,3,17,"",4
951064548,CERAVE SKIN RENEWING CR VISO,2,0.66,1.00,18.71,3.22,4,20,"",2
942210170,PICNOVEN DREN 100CPR,2,0.66,1.00,28.99,3.61,2,18,PARETO,3
951372489,DULCOSOFT GO 20BUST 20ML,2,0.66,3.00,32.20,6.18,2,11,"",6
950127542,PEPTI BIOTIC RECHARGEABLE 50ML,2,0.66,1.00,29.72,4.94,2,13,"",4
951507779,POLASE PLUS CARNITINA PRO24BUS,2,0.66,1.00,12.00,2.84,5,23,"",13
951552506,ZREEN MAGNESIO L-TREONATO90CPS,2,0.66,2.00,69.84,11.02,1,6,PARETO,7
938559578,OPC MASQUELIER ANTHOGENOL90CPS,2,0.66,1.00,42.32,8.18,2,8,"",1
938146901,VITAMINA D3 5000 UI 60CPS,2,0.66,1.00,27.23,3.81,2,17,PARETO,1
973179120,BOLO VIA PASTA GATTI 50G,2,0.66,1.00,8.98,1.71,7,39,"",1
931137273,DECONPROCT 10SUPP,2,0.66,1.00,13.88,1.84,5,36,"",4
975049317,AUSILIUM BAU 300G C/MISURINO,2,0.66,2.00,79.84,15.50,1,4,PARETO,7
975792755,IPERVEN 30CPS,2,0.66,2.00,37.72,5.86,2,11,"",4
930285008,ONLIGOL MACROGOL 4000 400G,2,0.66,1.00,13.56,2.60,5,25,PARETO,15
926646011,OPI NL T65 PUT IN NEUTRAL,2,0.66,2.00,19.38,8.82,3,7,"",1
925606840,WELLION LUNA CHOLES STRIPS10PZ,2,0.66,1.00,16.83,3.63,4,18,PARETO,1
990408130,MIAMO 2026 COF DETERS LENITIVO,2,0.66,1.00,19.19,5.99,3,11,"",4
980926620,ANTHELIOS LATTE SOL 30+ PAPER,2,0.66,1.00,13.83,-0.79,5,-84,PARETO,32
981910375,ENDOPLUS PRO 30CPR,2,0.66,3.00,76.83,21.12,1,3,PARETO,1
981964950,RILASTIL SUN PPT 50+ DORE' NF,2,0.66,1.00,14.22,2.84,5,23,"",6
982604391,URYVET CAT PASTA EVO 15ML,2,0.66,4.00,46.08,8.96,1,7,PARETO,2
984237091,ARBOGRAL 30CPR,2,0.66,9.00,219.23,49.32,0,1,PARETO,2
984623090,TECNIWORK MASCHERA PIEDI RIGEN,2,0.66,1.00,5.72,1.15,12,57,"",8
986001360,SENSIBIO MICELLAR CLEANS 150ML,2,0.66,1.00,11.47,2.37,6,28,"",1
986474486,SOFFISOF AIR DRY PANTS MAXI M,2,0.66,10.00,73.90,14.30,1,5,PARETO,2
987540299,XYLIMELTS 40PAST NEUTRO,2,0.66,1.00,14.90,2.36,4,28,"",8
987540818,PROGLAN 30BOCCONCINI,2,0.66,1.00,17.91,2.55,4,26,PARETO,5
042822027,"FROBEN GOLA*NEBUL 15ML 0,25%",2,0.66,1.00,5.33,0.82,12,80,PARETO,13
987838974,LIBENAR IGIENE NAS ISOTON 60FL,2,0.66,3.00,17.19,4.48,4,15,PARETO,17
042154029,LASONIL ANTIDOLORE*GEL120G 10%,2,0.66,3.00,18.56,2.72,4,24,PARETO,3
987844204,BIOTRANSIT 30STICK 15ML,2,0.66,1.00,26.01,3.82,3,17,PARETO,1
987867797,ZREEN VITAMINA D3 P 5000 20ML,2,0.66,1.00,29.64,4.67,2,14,"",3
988130682,AZETA VIS 60CPR DIVISIBILI,2,0.66,1.00,36.33,6.52,2,10,PARETO,1
988654671,NUTILIS CLEAR 175G,2,0.66,5.00,79.45,13.35,1,5,PARETO,4
025561073,SOFARGEN*CREMA 120G 1%,2,0.66,2.00,32.86,5.95,2,11,PARETO,26
990000010,CERVIX 30CPS GASTRORESISTENTI,2,0.66,3.00,75.99,12.06,1,5,PARETO,1
945136467,PEROGNIDOL FORTE 15ML,2,0.66,1.00,22.20,2.91,3,23,PARETO,11
907106177,MIRTILLO FORTE ES 30CPS,1,0.33,1.00,10.10,1.50,3,22,"",3
971980457,NUXE HP ORO 100ML OLIO SECCO,1,0.33,1.00,27.49,6.51,1,5,PARETO,16
904689700,RIGENAMED PLUS RIGEN/RISTR15ML,1,0.33,2.00,24.04,0.00,1,,"",99
983191432,AUTAN DEFENSE LONG PROT 100ML,1,0.33,1.00,6.84,1.36,5,24,"",5
971169836,CONNETTIVINABIO PLUS GARZA10PZ,1,0.33,2.00,19.78,2.85,2,12,PARETO,4
933874137,DELIFAB INTEGRA 20CPR,1,0.33,3.00,48.57,8.49,1,4,PARETO,2
983376979,DANACOL PLUS+ 30STICKGEL,1,0.33,2.00,24.89,4.28,1,8,PARETO,12
952126124,ULTRA PEP BRUCIAGRASSI FT NEW,1,0.33,5.00,121.75,19.10,0,2,PARETO,3
983702313,ZALTON DOL 15CPS,1,0.33,4.00,111.84,17.84,0,2,PARETO,2
989669775,DEFENCE SUN 30 LATTE FLUI200ML,1,0.33,1.00,14.34,3.40,2,10,PARETO,19
952100295,GASTROTUSS 25STICK 20ML SCIR,1,0.33,3.00,51.90,7.41,1,4,PARETO,12
935382782,BLEFARETTE SALV OCULARI 30PZ,1,0.33,1.00,16.72,3.90,2,8,PARETO,24
942059801,RELAXIGEN PET CANE 20CPR,1,0.33,1.00,17.13,2.59,2,13,PARETO,2
935860472,DIMANN FLOGO 15CPR,1,0.33,3.00,56.94,8.79,1,4,PARETO,2
900978038,IMMUNACE 60TAV,1,0.33,3.00,83.10,15.66,0,2,PARETO,2
984789646,BIOLIFE IMMUNOPET STRONG 60CPS,1,0.33,1.00,76.87,9.16,0,4,PARETO,1
900586165,SAUGELLA POLIGYN 50+ 250ML,1,0.33,1.00,6.29,1.05,5,31,"",2
984881413,AVENE RISTRUTTURANTE DOPO400ML,1,0.33,3.00,38.88,9.20,1,4,PARETO,16
985002029,ZYLKENE PLUS CANI 15-60KG,1,0.33,2.00,112.44,29.04,0,1,PARETO,1
985592260,RILASTIL SUN SYS BB LATTE 50+,1,0.33,1.00,14.29,1.86,2,18,"",11
002955060,XAMAMINA MAL DI VIAG*6CPS 50MG,1,0.33,3.00,14.25,2.27,2,15,PARETO,2
985910076,ERBABASIC 60CPR,1,0.33,3.00,70.92,10.95,0,3,PARETO,2
989814443,CERAVE REFILL DETERGENTE IDR,1,0.33,1.00,9.89,1.74,3,19,PARETO,5
986075113,BIOARGININA ZERO 20FL,1,0.33,5.00,80.70,12.18,0,3,PARETO,5
938404795,MICROFLEB L 10F 10ML,1,0.33,1.00,13.12,2.15,3,15,PARETO,1
900360254,IDRASTIN CREMA RIGENERANTE50ML,1,0.33,1.00,21.65,3.92,2,8,PARETO,2
900095579,BENEX GEL FREDDO 200ML,1,0.33,1.00,14.18,1.61,2,20,PARETO,9
986464372,PAMPERS PROG MUT QUADRI MX 76P,1,0.33,3.00,97.47,16.98,0,2,PARETO,2
950841662,WELEDA GEL FRESCO GAMBE LEGGER,1,0.33,1.00,12.98,2.41,3,14,"",4
938748504,EPTA DS SH SEBO SQUAMOSI 150ML,1,0.33,3.00,66.30,10.56,0,3,PARETO,3
986904441,GIBAUD FASCIA POSTOP CLA H24 4,1,0.33,1.00,33.41,5.68,1,6,"",3
938878218,THE NILO TAGLIO FILTRO 1KG,1,0.33,2.00,40.30,9.66,1,3,PARETO,6
987187186,RIGYDO NATURA 70CPR,1,0.33,1.00,82.44,12.64,0,3,PARETO,1
987269762,TABIPRES 30CPR,1,0.33,1.00,14.69,1.94,2,17,"",13
939143703,LACTOFLORENE PLUS 18FL 180ML,1,0.33,1.00,8.41,1.21,4,27,PARETO,9
951453822,GOOVI SPLASH BB MASCHERA DET,1,0.33,1.00,12.14,2.25,3,15,"",3
951366778,DICOFLOR GOCCE 6ML,1,0.33,1.00,13.35,4.61,2,7,"",13
990759692,EUPHIDRA LIP ART DUO ROSA CIPR,1,0.33,2.00,16.18,4.18,2,8,"",99
987437225,POLASE LIMONE 24BUST PROMO,1,0.33,3.00,27.63,3.41,1,10,PARETO,99
987437237,POLASE LIMONE 12BUST PROMO,1,0.33,2.00,12.24,0.19,3,177,"",7
989983301,CERAVE LOZIONE IDRATANTE REF,1,0.33,2.00,20.92,3.70,2,9,"",5
943384899,COQUTEN 50PRL,1,0.33,2.00,122.98,20.86,0,2,PARETO,1
102235037,STIMULFOS 25 Cpr,1,0.33,1.00,15.67,2.93,2,11,"",3
942644321,LACTOFLORENE CIST 20BUST,1,0.33,2.00,23.58,7.52,1,4,PARETO,11
949645319,MASSIGEN PRONTO RECUP PLUS2025,1,0.33,1.00,10.98,1.43,3,23,PARETO,19
950071480,FLEVATIN DUO 60CPR,1,0.33,3.00,138.64,36.66,0,1,PARETO,5
949703831,FISIOCREM CREAM ACTIVE 250ML,1,0.33,3.00,56.34,0.00,1,,PARETO,3
951160314,GOOVI SPRAY SOLARE CAP 150ML,1,0.33,1.00,15.25,2.68,2,12,"",7
949737199,RIBES PET SYMBIO PASTA 60G,1,0.33,8.00,147.44,21.60,0,2,PARETO,2
988027278,PARODONTAX BIPACK MENTA 2X75ML,1,0.33,1.00,4.25,0.74,8,44,"",9
988066231,BIOSCALIN PRO DENSITY BOOST16F,1,0.33,1.00,56.96,9.53,1,3,PARETO,6
950404246,ENERVIT PP ELECTROLYTES 16BUST,1,0.33,1.00,11.17,2.71,3,12,"",16
988144097,AFTERBITE X TECH 14ML,1,0.33,1.00,5.58,1.55,6,21,"",1
042028050,OKITASK*OS GRAT 30BUST 40MG,1,0.33,4.00,35.40,8.38,1,4,PARETO,19
950017943,TORELLO PERFORM CAMP28BUST 2PZ,1,0.33,1.00,55.32,6.74,1,5,PARETO,3
988658581,MIAMO ICONS GF5 AOX 10ML,1,0.33,1.00,27.99,8.74,1,4,"",8
988807780,VELABRAIN 7FL,1,0.33,6.00,124.80,21.78,0,2,PARETO,4
990284820,TRICOMAGIS 20BUST,1,0.33,1.00,20.18,3.65,2,9,PARETO,2
980635142,KELUAL DS SHAMPOO FORFORA SEV,1,0.33,1.00,13.59,1.19,2,28,PARETO,39
978868091,CONNETTIVINASTICK LABBRA 3G,1,0.33,1.00,5.13,2.51,6,13,PARETO,11
036193023,ESSAVEN*GEL 80G 10MG/G+8MG/G,1,0.33,1.00,8.70,1.12,4,29,PARETO,6
990540460,ARKOCAPSULE LION'S MANE 60CPS,1,0.33,1.00,15.50,4.05,2,8,"",3
035618077,MOMENTACT*OS SOSP 8BUST 400MG,1,0.33,2.00,16.72,3.80,2,9,PARETO,28
924530924,KRIN UP SPRAY 120ML,1,0.33,3.00,80.97,12.96,0,3,PARETO,2
924825490,PALINGEN CREMA 30G,1,0.33,6.00,124.50,19.68,0,2,PARETO,9
990039339,DIMOOD LARGE 20STICK 12G,1,0.33,2.00,75.20,0.00,0,,PARETO,99
975582356,SORRISO 90CPR,1,0.33,10.00,73.10,15.80,0,2,PARETO,1
942006166,MULTICENTRUM UOMO 50+ 60CPR,1,0.33,1.00,21.74,7.50,2,4,PARETO,38
921131898,SENSIBIO H2O SOL MICELL 500ML,1,0.33,1.00,10.98,2.05,3,16,PARETO,33
025829185,MOMENDOL*24CPR RIV 220MG,1,0.33,1.00,9.77,2.31,3,14,PARETO,19
981974355,CLEAN KILL EXTRA MICRO FAST 1L,1,0.33,1.00,22.42,3.00,1,11,PARETO,3
920891658,NEVRALGO 24CPR,1,0.33,4.00,79.76,0.00,0,,PARETO,1
981989623,DERCOS SHAMPOO PSOLUTION 200ML,1,0.33,2.00,24.00,-1.54,1,-21,PARETO,42
023673128,IMODIUM*12CPS 2MG,1,0.33,1.00,8.76,1.54,4,21,PARETO,18
973203603,EMOFORT 550 30CPS,1,0.33,1.00,11.69,2.17,3,15,"",5
950063279,OTOCIT 30STICKPACK,1,0.33,3.00,95.55,15.21,0,2,PARETO,6
020702344,MAALOX PLUS*50CPR MAST,1,0.33,1.00,11.66,1.87,3,18,PARETO,21
931384198,MIRAFERRUM FORTE 30CPS,1,0.33,1.00,20.84,3.03,2,11,PARETO,19
