minsan;nome;ord_30g;prezzo_pre_26_6;prezzo_dopo;aumento_pct;pos_oggi;disponibile
930400623;EUCERIN SUN SPRAY TRANSPAREN50;7;9.46;13.87;46.6;;SI
037713043;CETIRIZINA MY*7CPR RIV 10MG;4;1.90;2.57;35.0;;SI
927583486;DERMOXEN FLOREXIL LAV VAG 5FL;4;10.25;13.51;31.8;2;SI
018723080;ACTIFED*12CPR 2,5MG+60MG;5;5.81;7.13;22.8;6;SI
900095579;BENEX GEL FREDDO 200ML;5;9.74;11.85;21.7;7;SI
935688945;ARMOLIPID PLUS 60CPR;11;26.40;30.57;15.8;;SI
031329030;GLICEROLO ZETA*6CONT 6,75G CAM;11;1.76;2.04;15.8;;SI
940091388;SUNISDIN CAPSULE 30CPS;7;19.48;22.50;15.5;16;SI
906780541;EUPHIDRA AMIDO RINF 125ML;18;5.13;5.77;12.5;12;SI
029651039;GLICEROLO*AD 18SUPP 2250MG;6;2.37;2.65;11.8;;SI
034738017;ACICLOVIR MY*CREMA 3G 5%;4;3.28;3.66;11.6;;SI
987025499;THEALOZ TOTAL GOCCE OCUL 10ML;8;14.99;16.57;10.5;18;SI
905435273;DECORTIL C CR VASETTO 250ML;14;28.38;31.31;10.3;10;SI
975871753;LOVREN MASCARA M2;7;2.33;2.56;9.8;;SI
988339091;GFM SHAMPOO IRALTONE 400ML;5;11.81;12.96;9.8;;SI
904671183;AVENE ACQUA TERMALE SPR 50ML;45;6.48;7.11;9.7;;SI
987449802;RIPAGEL VET GOCCE OCULARI 10ML;4;14.81;16.25;9.7;12;SI
981498999;ROC LATTE DOPOSOLE RINFRESCANT;9;8.20;8.93;8.9;13;SI
990377400;FORTEND MAX 20BUST;10;22.37;24.35;8.8;4;SI
972003267;OPTIVE FUSION 10ML;9;12.55;13.66;8.8;7;SI
951149968;AXIGAB 90CPR;7;24.02;26.03;8.4;9;SI
934425784;DANASE 20CPR;6;9.54;10.33;8.3;11;SI
987844204;BIOTRANSIT 30STICK 15ML;4;23.78;25.73;8.2;13;SI
943175529;ROUGJ CIGLIA FINTE MASCARA EVA;7;2.59;2.80;7.8;;SI
975906544;PROBLAST 30BUST;4;20.34;21.92;7.8;10;SI
930530732;DERMAFRESH IPERSUD ROLL ON DEO;89;6.04;6.50;7.6;12;SI
976392225;PHYSIOMANCE GLUCO 3 90CPR;6;37.48;40.35;7.6;9;SI
979276565;TRIDERM AD CREMA SOL SPF50+;4;19.08;20.51;7.5;11;SI
978582777;EUCERIN SUN GEL DRY TOUCH 30+;5;16.77;18.03;7.5;8;SI
941079055;ARTIKRILL DOL CANE 200PRL;31;54.20;58.23;7.4;;SI
984846764;UROXIN 4G 14BUST;20;17.77;19.09;7.4;16;SI
989362633;CONDROSTRESS MOBILITY 90CHEWS;9;43.71;46.92;7.3;15;SI
949725129;CDS22 FORMULA 450MLD 12BUST;9;16.76;17.99;7.3;9;SI
938586563;LIQUIPEF 60CPR;7;17.26;18.52;7.3;15;SI
931082705;CUMAXINA 30CPR;4;19.29;20.64;7.0;11;SI
977731102;B-VITAL TOTALE 500 30CPR;5;12.51;13.39;7.0;18;SI
978861490;VIDERMINA LUBRIPIU OLIOLATTE;6;8.28;8.84;6.8;;SI
975040522;COBAXIL B12 1000MCG 5CPR SUNBL;7;17.18;18.33;6.7;4;SI
989812173;EVAGYN GEL VAGINALE 8TUB 5ML;13;15.84;16.88;6.6;9;SI
982471942;BUTTERFLY PEA TE' DI FIORI 50G;25;14.06;14.96;6.3;6;SI
938878218;THE NILO TAGLIO FILTRO 1KG;5;18.83;19.97;6.1;7;SI
971390226;HEPILOR LIQUIDO 20BUST MONOD;6;16.52;17.52;6.1;10;SI
985661356;TAMACID PRO 20STICK PACK 15G;6;15.68;16.63;6.0;17;SI
987388877;IRONDELTA 30CPS;8;18.05;19.14;6.0;12;SI
940532548;SYALOX 300 PLUS 30CPR TRIPLO S;10;28.08;29.76;6.0;13;SI
978476380;COBAXIL B12 5000MCG 5CPR SUNBL;6;23.84;25.23;5.8;12;SI
982476285;LACDIGEST LACTOFREE 30CPR;5;13.58;14.37;5.8;15;SI
906555242;NASYAMAP OLIO GOCCE 10ML;4;7.56;7.99;5.8;7;SI
980258937;COLIN A 1000 30FL 10ML;13;57.88;61.20;5.7;11;SI
944769049;VITACALM TUTTA NOTTE MEL 60CPR;4;17.78;18.79;5.7;14;SI
952110029;TIOBEC LAC 30CPR;10;23.60;24.93;5.6;15;SI
989678863;SIBOSOLV 60CPS ACIDORESIST;16;27.43;28.97;5.6;12;SI
943129371;VISUXL GEL 10ML;6;15.99;16.89;5.6;14;SI
930062245;PROJOINT COMPLEX 60TAV;5;41.06;43.31;5.5;;SI
944905278;VITACALM BUON RELAX GOCCE 50ML;4;10.29;10.85;5.4;13;SI
909273031;CARBONE VEGETALE 40CPR;4;2.26;2.38;5.3;;SI
950946766;MIRADREN 30CPR;4;19.21;20.22;5.3;11;SI
934857893;LONGLIFE BROMELAIN FORTE 30CPR;4;17.07;17.96;5.2;;SI
971123625;ALOEVERA2 DENTIFRICIO SBI PROT;4;3.19;3.35;5.2;;SI
943469938;VEA DEO-LIPOGEL DEODORANTE30ML;5;14.46;15.17;4.9;11;SI
982941662;ESENTA RIMUOVI ADES SPRAY 50ML;7;9.48;9.94;4.8;6;SI
944910140;PRINCIPIUM MAGNESIO COMP 400G;23;19.40;20.33;4.8;14;SI
984705653;ATODERM CREME ULTRA 500ML;8;10.24;10.73;4.8;1;SI
947225001;MASSIGEN FERROVITI 30BUST OROS;5;10.05;10.52;4.7;15;SI
902442262;INTIMOIL OLIO DET IG INT 200ML;10;9.68;10.13;4.7;15;SI
947229959;NEUPATIR 30CPR;4;26.00;27.22;4.7;11;SI
922915576;CONCEIVE PLUS LUBR VAG 75ML;8;14.21;14.87;4.7;10;SI
944670823;ANONET LIQUIDO 200ML;6;7.13;7.47;4.7;;SI
944292527;MAGNESIO POTASSIO S/ZUCCH60CPR;8;5.52;5.78;4.6;12;SI
984746103;COGNIZANT 10FL 10ML;5;15.24;15.93;4.5;13;SI
950024808;FLOMEL 250 60CPR;10;32.02;33.43;4.4;;NO
972069633;AXIMAGNESIO 20BUST;4;11.09;11.57;4.3;;SI
042028023;OKITASK*OS GRAT 20BUST 40MG;6;6.39;6.66;4.3;;SI
951091723;BIOMAVET CANE 750MG 12CPR;5;11.54;12.02;4.2;12;SI
985387632;PERLAPROST 15PRL SOFTGEL;4;17.20;17.89;4.0;13;SI
982947451;CAPITAL SPRAY SPF50+ 200ML;5;9.93;10.33;4.0;;SI
933532689;MELATONINA VITI RETARD 60CPR;6;3.07;3.19;4.0;;SI
981906910;PURO LIPIDS 10ML;5;13.45;13.98;4.0;1;SI
983521129;BEURER 25STR GL48/GL49;4;9.54;9.90;3.8;11;SI
982604391;URYVET CAT PASTA EVO 15ML;6;10.00;10.37;3.7;13;SI
980926618;ANTHELIOS LATTE SOL 50+ PAPER;6;13.78;14.28;3.6;;SI
939673796;BERBERINA ESTRATTO SECCO 60CPR;4;9.86;10.22;3.6;11;SI
934545373;TRIADENOR 16CPR;4;18.64;19.30;3.5;14;SI
981647023;SNS TED 30BUST;9;17.43;18.04;3.5;14;SI
920891607;EAU DE PHILAE EDT 100ML;6;15.83;16.37;3.4;11;SI
923536054;MICROLIFE AUTOMATIC EASY;5;29.87;30.85;3.3;12;SI
951889930;APTODIN ESO 30STICKPACK;5;32.14;33.18;3.2;12;SI
974012991;DEFENCE COLOR LUMINIZER 101;4;14.55;15.00;3.1;4;SI
906664545;GUM CLASSIC 305 SPAZ DURO REG;8;2.88;2.97;3.1;;SI
(89 rows)
