minsan,prodotto,n_tenant,n_click,costo_click,vendite_rete_90gg
932720840,ENVICER3 GRASSA FORTE 100ML,6,6,1.98,0
972472841,DUALCOL 30CPR,5,5,1.65,4
942283336,BAMAK PLUS 18BUST,5,5,1.65,0
971064783,TRIAMAG B6 36CPR,5,5,1.65,0
951506043,STOMEK SOSPENSIONE 30STICK,5,5,1.65,0
977254147,EQUIMEL 40CPS,4,4,1.32,0
912255748,OTODINE DET LIQ 50ML,4,4,1.32,1
974988329,DOAFER 30CPS,4,4,1.32,1
975063239,CEROTTO SPRAY,4,4,1.32,1
950911560,ELIXIR MENOPAUSA 30CPR,4,4,1.32,0
986179517,DAONIX 60CPS,4,4,1.32,3
971260308,CLEARBLUE RILEVAZIONE PRECOCE,4,4,1.32,3
933009401,ROSACURE FAST CREMA 30ML,4,4,1.32,5
987025665,PIC EASY WASH PERA CAN 224ML,4,4,1.32,1
980296279,CANDIDAS T 180PAST,4,4,1.32,0
980287092,DEFENCE HAIR SHAMPOO RIDENSIF,4,4,1.32,0
981111925,MUSTELA DETERGENTE DEL 500ML,4,4,1.32,1
988770273,EARBUDDY ROSSO,4,4,1.32,0
950219562,APOVARY 20CPS,4,4,1.32,1
990078178,IDRORAL 45CPR MUCOADESIVE,4,4,1.32,0
981432560,VENEGOLD 30CPR,4,4,1.32,1
975448337,SCHAR SAVOIARDI 200G,4,4,1.32,0
986887471,SELFTEST HIV 1/2 SOFARMAPIU',4,4,1.32,0
987904695,KALOIDON GEL CICATRICI 30ML,4,4,1.32,0
927604518,FIOREGLUT FARINA DOLC+PANE+PIZ,4,4,1.32,0
950911558,ELIXIR MESTRUO 30CPR,4,4,1.32,1
909271025,VITAMINICO LIQUIDO 20ML,4,4,1.32,0
933015238,GUM ORTHO FLOSS FILO SPUGNOSO,4,4,1.32,1
973351947,ZINCOSEB SPRAY 200ML,4,4,1.32,0
913226015,SCHOLL CR TAL ACTIVE REPAIR K+,4,4,1.32,1
900762079,REV DERMOSCHIUMA 125ML,4,4,1.32,1
921034498,ALPECIN ENERGIZER TON DOPOSH,4,4,1.32,0
930957067,OMK1 SOLUZIONE OFT STER 10ML,4,4,1.32,10
935479244,COLEPAN FAST 20CPR,4,4,1.32,0
972260614,RIGEAVIT 30CPR,4,4,1.32,1
912323627,REVAMIL GEL 18G,4,4,1.32,0
972472854,DUALCOL FERMENTI 10CPS,4,4,1.32,0
943008437,EUTRIS PLUS 30CPR,4,4,1.32,3
983364415,MAGNESIO E POTASSIO POLV 360G,4,4,1.32,2
923590158,AQUACEL FOAM ADH 8X8CM 10PZ,4,4,1.32,1
987315811,SCREEN TEST CANDIDA SELFTEST1P,4,4,1.32,0
902229576,MERISTEMO 20 100ML,4,4,1.32,0
922399631,REV IDRAX EPI 50ML,4,4,1.32,2
931358802,ARL 20BUST,4,4,1.32,0
970283964,PROVISION PIERPAOLI 60CPR,4,4,1.32,1
907152882,VASODREN 30CPR FILMATE,4,4,1.32,8
943791160,RELAXIGEN PET MINI 20CPR,4,4,1.32,7
926876766,FLEBOMIX CREMA GEL 100ML,4,4,1.32,10
927287452,DRENA LEVEL 1 GTT 50ML,4,4,1.32,2
900427636,KIRON ARGEA ARGILLA 250ML,4,4,1.32,2
909923928,CONTENITORE UR 24H 50089,3,3,0.99,1
910071479,TOP PROSTATA 40CPS,3,3,0.99,4
913228096,CLEARBLUE INDICATORE SETT 1PZ,3,3,0.99,2
913838862,CARDIOQTEN 20CPR,3,3,0.99,1
921177642,ERMIDRA' SHAMPOO 250ML,3,3,0.99,1
921222612,REV IDRAX BOTU' 50ML,3,3,0.99,1
921319582,SYSTANE BALANCE GOCCE OCUL10ML,3,3,0.99,1
921788422,NUTRIVA GLICEVAL 30CPR,3,3,0.99,2
922764283,RETOPIX SPRAY CANE/GATTO 100ML,3,3,0.99,1
923360200,HYDRALEN LATTE DETERGENTE,3,3,0.99,2
923360364,NEVERTIN 15CPS,3,3,0.99,3
923438485,BIOGENA DERMOLIQUIDO PH5 500ML,3,3,0.99,7
923500312,OSTEOKLIP 30CPR,3,3,0.99,1
924274083,REDERMIC RETINOL OCCHI 15ML,3,3,0.99,2
924824244,DUOMEGA CANI GRANDI 30CPS,3,3,0.99,4
924960887,HERICIUM MICOTHERAPY 30CPS,3,3,0.99,1
924961360,FREESTYLE OPTIUM TEST STR 25PZ,3,3,0.99,5
925369100,THROMBOSIS 18 ISP GAMB M CORTO,3,3,0.99,2
925391308,FLEBOMIX 1000MG 30CPR,3,3,0.99,8
925700890,HYPERMIX CREMA/GEL 30ML,3,3,0.99,6
925931002,MEDI KL1 PLUS/GAMBAL CO 2 102,3,3,0.99,1
926461839,MTS10 GANODERMA GTT 20ML,3,3,0.99,3
927592764,"OPTIVE FUSION UD 30FLAC 0,4ML",3,3,0.99,3
930547359,LACTIBIANE TOLERANCE 30CPS,3,3,0.99,2
930861087,ARTAVIS 30CPR,3,3,0.99,1
930862317,INOFOLIC NRT 30BUST,3,3,0.99,1
931095309,EPAEPA 42CPR,3,3,0.99,2
931127993,VALDISPERT GOCCE SONNO RAP30ML,3,3,0.99,2
931524615,PIROFER FORTE 30CPR,3,3,0.99,1
931645636,HELIOCARE ULTRA-D 30CPS,3,3,0.99,13
931666756,CB12 TRATTAMENTO ALITOSI 250ML,3,3,0.99,2
932212095,OMK2 SOLUZIONE OFT STER 10ML,3,3,0.99,5
932711740,GUNAMINOFORMULA 50CPR,3,3,0.99,1
934408687,BIOTHYMUS AC ACT U SH ENERG,3,3,0.99,3
934625056,MELAXINA T GOCCE 30ML,3,3,0.99,1
934862525,ACCU-CHEK MOBILE 50TEST MIC2,3,3,0.99,1
934981426,IKLEN 50+ CREMA FOTOPROTETTRIC,3,3,0.99,3
935008932,UNIFERRO FORTE 30CPS,3,3,0.99,6
935272791,LIBERVIS ENERGY ARANCIA 20BUST,3,3,0.99,1
935329223,ESPERSOL SPRAY NASALE 100ML,3,3,0.99,4
935520039,LIGADOL EVO 20BUST,3,3,0.99,3
935594616,ARTELAC REACTIVE MONODOSE 20PZ,3,3,0.99,1
935701375,KOLINAT LNP 30CPS,3,3,0.99,1
935749034,VEGETALLUMINA EMATOGEL 100ML,3,3,0.99,1
935789735,XNERV 24CPR,3,3,0.99,13
935790701,M-AID ROLLFLEX A-STOP M10X10CM,3,3,0.99,1
935810960,VAGISIL INTIMA GEL IDRAT MONOD,3,3,0.99,4
937030892,NOVA PROST 30CPS SOFTGEL,3,3,0.99,1
938224654,GEHWOL ANELLO CORRETTORE 3PZ,3,3,0.99,1
940037548,FUSION WATER MAGIC SPF50 50ML,3,3,0.99,37
940086337,TANTUM VERDE SOS AFTE SPR 20ML,3,3,0.99,3
940089802,PRODIV 20BUST,3,3,0.99,2
940562907,DERMAFRESH 24H P/NORM ROLL50ML,3,3,0.99,1
940989433,LONGLIFE GLUCOSAMINE S 100CPS,3,3,0.99,1
941166365,NOVA MGKB 30BUST,3,3,0.99,1
941516647,AMBLICOL 15FL 10ML,3,3,0.99,2
941693691,VITACALM TUTTA NOTTE F/R 30CPR,3,3,0.99,3
942138886,DICODRAL LIQUIDO 4X200ML,3,3,0.99,1
942732583,VITIALGIN 1030MG 60PRL,3,3,0.99,1
942826583,RETIZIN 28CPR DEGLUT GASTRORES,3,3,0.99,3
943083218,YPSODOL 30CPR RIVESTITE,3,3,0.99,8
943370864,FLORAMADRE 14BUST,3,3,0.99,2
943372843,PRINCIPIUM B12 1000 60CPR SUBL,3,3,0.99,18
943954723,CONTOUR NEXT GLUCOMETRO,3,3,0.99,56
944137518,GERMISDIN IGIENE CORPO ORIG 1L,3,3,0.99,1
944596598,SAVEL LATTE BIOS 200ML,3,3,0.99,3
944889068,PROGENY PET 60BUST,3,3,0.99,2
945104255,PROLIFE LATTASI 30CPR MASTIC,3,3,0.99,14
947070975,LONGLIFE COLLAGEN 5000 POWDER,3,3,0.99,5
947073704,RILASTIL ACNESTIL MICROPEELING,3,3,0.99,2
947123600,LITOBLOCK 30BUST,3,3,0.99,3
947127662,NEFROKRILL CANE 60PRL,3,3,0.99,14
947217473,VITACALM ANSISTOP SPR ACT 20ML,3,3,0.99,1
947395620,LICHTENA CREMA 200ML NF,3,3,0.99,2
947455958,BIOVIT 3 MULTI GOCCE 30ML,3,3,0.99,1
948162882,NEFROKRILL GATTO 60PRL,3,3,0.99,1
949477451,ARMOLIPID DONNA 50+ 30CPS,3,3,0.99,2
949500692,TOTAL DEP 500ML,3,3,0.99,2
949500882,LONGLIFE MIRTILLO RO COMP60CPS,3,3,0.99,2
949869349,MACULVIST 20CPR RIVESTITE,3,3,0.99,7
949993455,HDLGELAR FREE 45CPS,3,3,0.99,2
950069955,RILASTIL XEROLACT OLIO DET,3,3,0.99,4
950912865,EPICUROS 20CPR,3,3,0.99,5
951059789,GOODERE LIBEEDO4HIM 60CPR,3,3,0.99,2
951135627,COLINOX 40CPR MASTICABILI,3,3,0.99,9
951273806,COLECRIL CALANUS ARTICO 60SOFT,3,3,0.99,3
951273907,CONDROMAX FORTE 10BUST,3,3,0.99,8
951306240,PSIPROTO FERT 30BUST,3,3,0.99,5
951358290,SALIPIL BIOME 50ML,3,3,0.99,1
952004099,TELEANGYL PROTECT SPF50+ PHARC,3,3,0.99,4
970375945,EPATOSTAR FORTE 20CPR RIVEST,3,3,0.99,2
970701381,BRAVA SALVIETTE DET 15PZ,3,3,0.99,8
970929648,ISCHIA E T CORAL VITALITY 1L,3,3,0.99,2
971192859,TIGLIO ESTRATTO INTEGRALE200ML,3,3,0.99,1
971242298,IRON FOLIC 30CPS,3,3,0.99,5
971299944,PERIO AID INTENSIVE CARE GEL,3,3,0.99,1
971484593,DILATATORE NASALE,3,3,0.99,1
971620796,BLEFACTIVE LIPOGEL OFTALMICO,3,3,0.99,1
971621937,ACQUA ALLE ROSE TONICO CL300ML,3,3,0.99,2
971752112,VITA ACT CALCIO+VIT D 60CPR,3,3,0.99,2
972036750,EUCERIN PH5 SOFT CREAM 450ML,3,3,0.99,2
972260590,EMORSAN RAG 2 TUBI 30+30ML,3,3,0.99,1
972264636,BLEFASTOP GARZA COT PIE RX 28P,3,3,0.99,2
972468197,TOTAL NEEM PROTECTION SPRAY MU,3,3,0.99,2
972539872,FLOGOX 30CPS,3,3,0.99,2
972730600,THYRSEL OX 30CPS,3,3,0.99,1
972790416,NEO MOM SHAMPOO ANTIPARAS150ML,3,3,0.99,1
973500301,PURES SPRAY TONICO CIRC 100ML,3,3,0.99,1
973500729,SOMAT SKIN EX SNEL 7NTT G400ML,3,3,0.99,6
974381257,REV IDRAX CONTOUR 15ML,3,3,0.99,3
974388516,BRAVA CEROTTO IDROCOL XL 20PZ,3,3,0.99,1
974656480,PARODONTAX CP COOL MINT 75ML,3,3,0.99,6
975063443,IMMUNOSICK 30ML,3,3,0.99,2
975508666,EUCERIN UREAREP EMULS10% 400ML,3,3,0.99,4
975701956,CONTROL GEL LUBRIF NATURE 75ML,3,3,0.99,2
975761521,BORO OLIMENTOVIS 200ML,3,3,0.99,1
975906684,HERBATINT 3DOSI 4N 300ML,3,3,0.99,3
975995743,AUDISPRAY ULTRA SPRAY 20ML,3,3,0.99,4
976329387,EMOFORM DENT FORTE CREMA ADES,3,3,0.99,2
976731152,PELVILEN DUAL ACT 20CPR,3,3,0.99,6
977254200,COENZIMA Q10 FORTE 60CPS,3,3,0.99,2
978474183,CISTITASK 14BUST,3,3,0.99,1
978476099,KIJIMEA COLON IRRITAB PRO14CPS,3,3,0.99,4
978507224,ECOTONIC 1000 14STICK PACK,3,3,0.99,1
978862326,ANTHELIOS SHAKA SPRAY 30 200ML,3,3,0.99,2
978868038,CONNETTIVINASOLE SPRAY 50ML,3,3,0.99,1
978869865,CONNETTIVINA CER HITECH 10X10,3,3,0.99,1
978919619,CHROMITRON 40CPS,3,3,0.99,4
978939938,LAVONASE SIR 20ML IRRIG NASALE,3,3,0.99,1
979095484,NUXE HP FLORALE 50ML OLIO SECC,3,3,0.99,3
979204144,PROXALIPID 30CPS,3,3,0.99,1
979657374,YAMAMOTO N CREATINE PRO 150TAV,3,3,0.99,1
980248987,COLASIL 30CPS,3,3,0.99,3
980445858,SENSIBIO GEL MOUSSANT 100ML,3,3,0.99,1
980485662,KURAFER PLUS 30CPS,3,3,0.99,4
980494280,REMESCAR EFF LIFT INST V SHAPE,3,3,0.99,1
981113309,ZYMECOL 30CPR,3,3,0.99,2
981459439,NEURODINE ACT 12FL 10ML,3,3,0.99,5
981974367,BIOKILL PIRETRO NATURALE 375ML,3,3,0.99,3
982475333,SERENITY PANTS SD SENS EX L 12,3,3,0.99,4
982945521,ARTELAC NIGHTTIME GEL 10G,3,3,0.99,6
982945622,OPTIVE SOLUZIONE OFTALMICA10ML,3,3,0.99,3
983173345,SERENITY PANN MUT SD EX S 30PZ,3,3,0.99,1
983361763,GIBAUD ORTHO RHIZACTIVE ORTES1,3,3,0.99,2
983381474,RIVESCAL DELICATO XL SH 500ML,3,3,0.99,1
983520887,DEPROX HP 15CPS,3,3,0.99,6
983746025,FORMULA COLLAGENE 10FL 12ML,3,3,0.99,2
983789696,KRIN UP LEI 30CPR,3,3,0.99,7
983831494,MEDICIST 20BUST,3,3,0.99,1
984327864,V EPIGEL TUBO GEL 10G,3,3,0.99,1
984805770,BUTIRRISAN 90CPR,3,3,0.99,16
985005368,ARKOCPS ASHWAGANDHA BIO 60CPS,3,3,0.99,2
985713787,PURONERV DOL 60CPS,3,3,0.99,3
985823071,REVISION 30CPS,3,3,0.99,1
985910379,PREP CREMA DEODORANTE 35ML,3,3,0.99,3
986129031,ENAVIT SUDAMIN 10+10BUST,3,3,0.99,3
986824973,ACETILCISTEINA ACT PLUS NAC600,3,3,0.99,2
986845889,RINOLYSYAL 15ML,3,3,0.99,9
987057775,V OTOACT PLUS 100ML,3,3,0.99,1
987715291,ARTENNUA 90CPS,3,3,0.99,4
987879929,TEOS 20CPS,3,3,0.99,2
988024586,CICAPLAST BAUME B5+ SPF50 40ML,3,3,0.99,5
988050593,"TAZARENE CREMA 0,05% 75ML",3,3,0.99,1
988804389,INTRAVIT FORTE 30CPR,3,3,0.99,10
988927721,MIOFENAC 14BUST,3,3,0.99,11
988994190,SOLOUNO DRENAGEL 125ML,3,3,0.99,1
989021011,"JONEXA UP 2% SIR 4,4ML",3,3,0.99,1
989042383,KELASTIC CREMA CICATRICI 30ML,3,3,0.99,2
989046762,MASTOCOL 30CPR,3,3,0.99,1
989260892,KELUAL SQUANORM LOZIONE 200ML,3,3,0.99,1
989400888,GINGEMYR 24GUMM,3,3,0.99,1
983304369,MICRONIL ACT 30BUST,3,3,0.99,0
936008349,GELX SPRAY ORAL 100ML,3,3,0.99,0
978867909,LIMBICA 14BUST,3,3,0.99,0
951337866,MIOAPP 20BUST,3,3,0.99,0
923211674,B-APPORT PLUS FLUIDO 200ML,3,3,0.99,0
939393171,PODIDRAL FAS CR RAGADI PIED100,3,3,0.99,0
987025703,PIC SOFT WASH SCHIZZETTO 35ML,3,3,0.99,0
977631706,NUTRIFREE FETTE BISC INT 225G,3,3,0.99,0
982179210,FLEBOWIN 30CPR,3,3,0.99,0
905954362,GIBAUD ORTHO BRACC ELBOWGIB 3,3,3,0.99,0
926252139,MANOPOLA IMPERM NON SAP 100PZ,3,3,0.99,0
950978938,TRAMEXAL DECO' 30ML BRADERM,3,3,0.99,0
912650342,TRIDERM LENIL+ 50ML,3,3,0.99,0
933783944,COLIPEX CR 30X2ML,3,3,0.99,0
951313030,MINERALVIS 150PAST,3,3,0.99,0
986012134,TUAMEMOR 15FL 10ML,3,3,0.99,0
977709979,PINUS MONTANA BOIRON MG 60ML,3,3,0.99,0
923587428,LOXICOR 30CPR,3,3,0.99,0
931988428,MEDS PORE MEDIC 10X15CM 5PZ,3,3,0.99,0
982452373,HONOS VENUM 30CPR,3,3,0.99,0
983513755,KUKIDENT PLUS BARRI A/CIBO 40G,3,3,0.99,0
970406613,POLICALM SHOWER GEL 300ML CE,3,3,0.99,0
939471544,BIOXTRA LIQUID SPRAY 50ML,3,3,0.99,0
932217072,STEVIA EDULCOR 200CPR,3,3,0.99,0
984789166,PHYTOCYANE FIALE D CAD TEMPOR,3,3,0.99,0
950965297,ZINCO RAME OLIMENTOVIS 200ML,3,3,0.99,0
938501715,PATCHOULY PROFUMO 50ML,3,3,0.99,0
924298021,MIRTILLO RO LIQ ANALCO GEMM10+,3,3,0.99,0
932201320,ARIFER GOCCE 30ML,3,3,0.99,0
943324487,COLLAGENDEP PINK BEAUTY20STICK,3,3,0.99,0
986709778,TENA LIGHTS SENS NORMAL 16PZ,3,3,0.99,0
938910243,HENNE COLOR CAP RO NAT EX FT,3,3,0.99,0
909390104,SEBAMED DET LIQ 1000ML,3,3,0.99,0
988142030,RINOWAY PLUS SALI ISOTON15BUST,3,3,0.99,0
921189243,OXILIFE 30CPS,3,3,0.99,0
975734132,RILASTIL XEROLACT GEL DET400ML,3,3,0.99,0
951193299,LONGLIFE NADH MAX 60CPR RIVEST,3,3,0.99,0
924874579,ACTINICA LOTION 80ML,3,3,0.99,0
981256389,RECUPERO EXTR 400G ETICHSPORT,3,3,0.99,0
983280342,CORTIDOL 20CPS,3,3,0.99,0
924931746,SENSURA MIO SAC P 10-55MM 30P,3,3,0.99,0
982465344,NORICA PROTEZIONE COMPLET300ML,3,3,0.99,0
900531118,MUTANDA ERNIA C/CUSC 5,3,3,0.99,0
975201361,MULTIVITALEX 30CPR,3,3,0.99,0
940225004,MONODERMA ET10 XL LIPOGEL30ML,3,3,0.99,0
932720903,ENVISUN SPF50 100ML,3,3,0.99,0
980247112,LECIVIS 100G 80SOFTGEL,3,3,0.99,0
990559775,VITABENIMMUNO BABY GOCCE 12ML,3,3,0.99,0
988665648,TENA BED PLUS WINGS TRAV80X180,3,3,0.99,0
951058573,BATTINORM 30STICK,3,3,0.99,0
902632417,CERUMINA SILICON 6PZ,3,3,0.99,0
976403877,PISOLINO TRIPTO 50ML,3,3,0.99,0
943285609,RIBES PET SOLLIEVO 30PRL,3,3,0.99,0
801210954,DRE 5 50ML GTT,3,3,0.99,0
971325271,PEDIAKD PLUS 5ML,3,3,0.99,0
940085970,LONGLIFE L-GLYCINE500MG 100CPS,3,3,0.99,0
925491678,HYDRA PERFECT LATTE CORPO400ML,3,3,0.99,0
908195249,BIOLASTIC CREMA ELASTICIZZANTE,3,3,0.99,0
981929211,PERISTEEN PLUS REG CATET RE10P,3,3,0.99,0
982599250,LAXALOE PROTECT 60CPS VEGETALI,3,3,0.99,0
938251129,FITOCAT 3 50ML GOCCE,3,3,0.99,0
983389521,DIVIAL X GOCCE OCULARI 30F,3,3,0.99,0
977347412,MOPEDIA RIALZO WC 10CM C/FERMI,3,3,0.99,0
976863946,CURADOL CEROTTO 5PZ,3,3,0.99,0
986904516,GIBAUD FASCIA POSTOP CLA H30 3,3,3,0.99,0
951863024,HORMONIZE 60CPS,3,3,0.99,0
981644697,REUMABEST 30CPR,3,3,0.99,0
970176513,BIATAIN SIL LITE ADES 5X5CM,3,3,0.99,0
974373476,ASABIONIC DET DEPURATIVO 125ML,3,3,0.99,0
904665534,DER-MYC MOUSSE IDR CUTE MUCOSE,3,3,0.99,0
980774412,UNICO OLIO SECCO SPRAY 100ML,3,3,0.99,0
923006670,NEOCATE SPOON 400G,3,3,0.99,0
923509614,CARIEX SPRAY DENTALE 50ML,3,3,0.99,0
978306393,PODALUX SCARPA POSTOP II L,3,3,0.99,0
952070720,GYNEDRAL OVULI VAGINALI 10OV,3,3,0.99,0
912051657,RAPUNZEL BRODO VEG POLV 500G,3,3,0.99,0
973648886,LENET MICO 400ML,3,3,0.99,0
973622703,VIDLIFE 30CPR,3,3,0.99,0
906985282,CALCIO AD3 PLUS 40CPR APPETIB,3,3,0.99,0
924546221,CARPINO BI 500ML ANALCO GEM10+,3,3,0.99,0
951990009,MANUGIB 3D TUTORE POLS DX TG02,3,3,0.99,0
930924915,MIRTY 180 20BUST,3,3,0.99,0
934638127,ALKAGIN DET INT LEN ALC 250ML,3,3,0.99,0
951171343,LONGLIFE ASHWAGANDHA BIO 5%,3,3,0.99,0
974036675,MIODOL 20CPR BLISTER 10G,3,3,0.99,0
984502993,VENADREM 30CPR,3,3,0.99,0
973655424,TRIBULUS ESTRATTO TIT 80PAST,3,3,0.99,0
940742911,DERMOVITAMINA RAGADI NA/LA VAS,3,3,0.99,0
987249950,BENDIAR PASTA 30G,3,3,0.99,0
976404778,TIAN ZHI CEROTTO 4PZ,3,3,0.99,0
925943565,VIRAFER NEO 200ML,3,3,0.99,0
941435962,SEPARATORE DOPPIO ANELLO 3/4/5,3,3,0.99,0
923055800,NEBUVIS REIDRATANTE OCCHI 10ML,3,3,0.99,0
977701034,AESCULUS HIPP BOIRON MG 60ML,3,3,0.99,0
941113300,VENAPLUS 30CPR,3,3,0.99,0
908169333,ELEUTEROCOCCO 20STICK 10ML,3,3,0.99,0
924601646,DERMOXEN DET INTIMO DIABETICI,3,3,0.99,0
922316740,TEGADERM ROLL CM10X2M 1PZ,3,3,0.99,0
986478713,DIGEST EV ENZYME 30CPR,3,3,0.99,0
981470127,AMICOBOR SOL ALCOLICA 100ML,3,3,0.99,0
951216252,CUTIMED SORBACT CONT 4X6CM 5PZ,3,3,0.99,0
908220243,GIBAUD CINT NORM 32CM K,3,3,0.99,0
924931797,SENSURA MIO430 CLK CL MX 40MM,3,3,0.99,0
972515314,PROBIOTIC P-450 12STICK MONOD,3,3,0.99,0
987669734,GIBAUD ORTHO WALKER BASSO TIB3,3,3,0.99,0
983674209,CH GIOCO MSDD CHAMELEON DO PL,3,3,0.99,0
009115039,FITOSTIMOLINE*10GARZE 15%,3,3,0.99,6
926255023,BB NAIL BASE PER UNGHIE 10ML,3,3,0.99,0
018610067,CARNITENE*10CPR MAST 1G,3,3,0.99,2
020942025,"TROFODERMIN*CR DERM30G 0,5+0,5",3,3,0.99,5
027077027,NTR*SPRAY NASALE 15ML,3,3,0.99,1
027456033,CLAREMA*CREMA 30G 1%,3,3,0.99,3
032182077,"SODIO CLORURO EUROS*0,9%1000ML",3,3,0.99,2
034447045,"CELLUVISC*COLL 30F 0,4ML5MG/ML",3,3,0.99,3
035953025,"LAXIPEG*OS POLV 20BUST 9,7G",3,3,0.99,2
037899010,"FROBEN RAFFREDDORE*15ML 0,05%",3,3,0.99,9
046080026,ENTEROGERMINA*OS 10FL 2MLD/5ML,3,3,0.99,9
047812045,DAFLON*30CPR RIV 500MG,3,3,0.99,9
048922013,ZEFLAVON*30CPR RIV 500MG,3,3,0.99,3
049822012,OLONET*COLLIRIO 1FL 5ML 1MG/ML,3,3,0.99,1
051378014,MUSCORIL DOLORE*GEL 60G 20MG/G,3,3,0.99,1
104918026,AMFLEE COMBO*3PIP GATTI/FURETT,3,3,0.99,6
900176227,LONGLIFE AMINO COMPLEX 60TAV,3,3,0.99,1
900697970,GARZA 12/8 IDROF 10X10CM 1KG,3,3,0.99,2
900761711,REV KERATIN SHAMPOO 250ML,3,3,0.99,1
900794165,PRUREX EMULSIONE P SENS 75ML,3,3,0.99,1
900851294,DITRAPSOR SHAMPOO 100ML,3,3,0.99,1
900958695,BENUSCLER CR 100ML,3,3,0.99,1
901298341,KERAMINE H A/CAD 12F 6ML,3,3,0.99,1
901347613,MYCOGEL GEL DETERGENTE 150ML,3,3,0.99,1
901430672,MAN SUPPORT 15COT GAMB 15 NE 5,3,3,0.99,2
902183072,VEA MARSIGLIA SAP NAT 100G,3,3,0.99,1
902202148,XEROTIN 100ML,3,3,0.99,1
902340177,DICODRAL 60 12BUST,3,3,0.99,3
902445651,HOLLI ADATTATORE SAC URO 10PZ,3,3,0.99,1
902684315,PERSPIREX FOOT LOT ANTITR PIED,3,3,0.99,2
903069514,LONGLIFE KELP ALGA BRUNA180CPR,3,3,0.99,5
903701769,DERMABLEND FLUIDO 45 30ML,3,3,0.99,1
903704221,FARMACTIVE ALGINATO 10X10CM 10,3,3,0.99,1
904045820,TROFOVIT 14FL 10ML,3,3,0.99,5
904421474,IPSO PLUS CREMA TUBO 250ML,3,3,0.99,2
905066825,MYDET DOCCIASCHIUMA 200ML,3,3,0.99,1
905163679,OZIDERM POLVERE 75G,3,3,0.99,3
905169722,ULTRA TAN 30CPS,3,3,0.99,2
905897652,MEDILEN IPER CREMA 50ML,3,3,0.99,2
905987614,FITOESTRIL 30CPR,3,3,0.99,2
906154810,EUPHIDRA AMIDO HOFMANN 300G,3,3,0.99,10
906482753,GYNECOLASE DET INT 500ML,3,3,0.99,1
906953575,GEHWOL BALS PIEDI P/SEC 75ML,3,3,0.99,1
907280352,ALLEVYN NON ADHESIVE 10X10CM 3,3,3,0.99,1
908044112,ANFO 3 200ML,3,3,0.99,1
908486158,GL1 M&D SALBE CREMA 500ML,3,3,0.99,3
908726843,NEO MOM POLVERE 20G,3,3,0.99,4
908858234,PONTEFIX SET FISSAGGIO PONTI,3,3,0.99,1
908919222,LONGLIFE INOSITOL 100CPR,3,3,0.99,1
909164461,SCHOLL CER CALLIF CALLI DU 8PZ,3,3,0.99,1
909468237,CHELIDONIUM HOMAC 30ML GTTHEEL,3,3,0.99,1
